Predator,Prey,Reference,Location,Latitude,Longitude,Depth
Cirratulidae,Aged detritus,Adami1999,Beagle chanel,-54,-68.3333333333333,
Glyceridae,Aged detritus,Adami1999,Beagle chanel,-54,-68.3333333333333,
Nemertea,Aged detritus,Adami1999,Beagle chanel,-54,-68.3333333333333,
Nereididae,Aged detritus,Adami1999,Beagle chanel,-54,-68.3333333333333,
Pagurus comptus,Aged detritus,Adami1999,Beagle chanel,-54,-68.3333333333333,
Polychaeta,Aged detritus,Adami1999,Beagle chanel,-54,-68.3333333333333,
Polynoidae,Aged detritus,Adami1999,Beagle chanel,-54,-68.3333333333333,
Anasterias antarctica,Amphipoda,Adami1999,Beagle chanel,-54,-68.3333333333333,
Asterina fimbriata,Amphipoda,Adami1999,Beagle chanel,-54,-68.3333333333333,
Cosmasterias lurida,Amphipoda,Adami1999,Beagle chanel,-54,-68.3333333333333,
Anasterias antarctica,Aulacomya atra,Adami1999,Beagle chanel,-54,-68.3333333333333,
Asterina fimbriata,Aulacomya atra,Adami1999,Beagle chanel,-54,-68.3333333333333,
Cosmasterias lurida,Aulacomya atra,Adami1999,Beagle chanel,-54,-68.3333333333333,
Trophon geversianus,Aulacomya atra,Adami1999,Beagle chanel,-54,-68.3333333333333,
Trophon geversianus,Chthamalus sp.,Adami1999,Beagle chanel,-54,-68.3333333333333,
Anasterias antarctica,Crepipatella dilatata,Adami1999,Beagle chanel,-54,-68.3333333333333,
Asterina fimbriata,Crepipatella dilatata,Adami1999,Beagle chanel,-54,-68.3333333333333,
Cosmasterias lurida,Crepipatella dilatata,Adami1999,Beagle chanel,-54,-68.3333333333333,
Anasterias antarctica,Fissurella oriens,Adami1999,Beagle chanel,-54,-68.3333333333333,
Asterina fimbriata,Fissurella oriens,Adami1999,Beagle chanel,-54,-68.3333333333333,
Cosmasterias lurida,Fissurella oriens,Adami1999,Beagle chanel,-54,-68.3333333333333,
Exosphaeroma gigas,Fresh detritus,Adami1999,Beagle chanel,-54,-68.3333333333333,
Halicarcinus planatus ,Fresh detritus,Adami1999,Beagle chanel,-54,-68.3333333333333,
Pareuthria fuscata,Fresh detritus,Adami1999,Beagle chanel,-54,-68.3333333333333,
Spirorbinae,Fresh detritus,Adami1999,Beagle chanel,-54,-68.3333333333333,
Anasterias antarctica,Gaimardia trapesina,Adami1999,Beagle chanel,-54,-68.3333333333333,
Asterina fimbriata,Gaimardia trapesina,Adami1999,Beagle chanel,-54,-68.3333333333333,
Cosmasterias lurida,Gaimardia trapesina,Adami1999,Beagle chanel,-54,-68.3333333333333,
Anasterias antarctica,Halicarcinus planatus ,Adami1999,Beagle chanel,-54,-68.3333333333333,
Asterina fimbriata,Halicarcinus planatus ,Adami1999,Beagle chanel,-54,-68.3333333333333,
Cosmasterias lurida,Halicarcinus planatus ,Adami1999,Beagle chanel,-54,-68.3333333333333,
Amphipoda,Macrocystis pyrifera,Adami1999,Beagle chanel,-54,-68.3333333333333,
Crepipatella dilatata,Macrocystis pyrifera,Adami1999,Beagle chanel,-54,-68.3333333333333,
Fissurella oriens,Macrocystis pyrifera,Adami1999,Beagle chanel,-54,-68.3333333333333,
Margarella violacea,Macrocystis pyrifera,Adami1999,Beagle chanel,-54,-68.3333333333333,
Nacella mytilina,Macrocystis pyrifera,Adami1999,Beagle chanel,-54,-68.3333333333333,
Plaxiphora sp.,Macrocystis pyrifera,Adami1999,Beagle chanel,-54,-68.3333333333333,
Pseudechinus magellanicus,Macrocystis pyrifera,Adami1999,Beagle chanel,-54,-68.3333333333333,
Anasterias antarctica,Margarella violacea,Adami1999,Beagle chanel,-54,-68.3333333333333,
Asterina fimbriata,Margarella violacea,Adami1999,Beagle chanel,-54,-68.3333333333333,
Cosmasterias lurida,Margarella violacea,Adami1999,Beagle chanel,-54,-68.3333333333333,
Anasterias antarctica,Nacella mytilina,Adami1999,Beagle chanel,-54,-68.3333333333333,
Asterina fimbriata,Nacella mytilina,Adami1999,Beagle chanel,-54,-68.3333333333333,
Cosmasterias lurida,Nacella mytilina,Adami1999,Beagle chanel,-54,-68.3333333333333,
Cirratulidae,Necromass,Adami1999,Beagle chanel,-54,-68.3333333333333,
Exosphaeroma gigas,Necromass,Adami1999,Beagle chanel,-54,-68.3333333333333,
Glyceridae,Necromass,Adami1999,Beagle chanel,-54,-68.3333333333333,
Halicarcinus planatus ,Necromass,Adami1999,Beagle chanel,-54,-68.3333333333333,
Nemertea,Necromass,Adami1999,Beagle chanel,-54,-68.3333333333333,
Nereididae,Necromass,Adami1999,Beagle chanel,-54,-68.3333333333333,
Pagurus comptus,Necromass,Adami1999,Beagle chanel,-54,-68.3333333333333,
Pareuthria fuscata,Necromass,Adami1999,Beagle chanel,-54,-68.3333333333333,
Polychaeta,Necromass,Adami1999,Beagle chanel,-54,-68.3333333333333,
Polynoidae,Necromass,Adami1999,Beagle chanel,-54,-68.3333333333333,
Spirorbinae,Necromass,Adami1999,Beagle chanel,-54,-68.3333333333333,
Anasterias antarctica,Pagurus comptus,Adami1999,Beagle chanel,-54,-68.3333333333333,
Asterina fimbriata,Pagurus comptus,Adami1999,Beagle chanel,-54,-68.3333333333333,
Cosmasterias lurida,Pagurus comptus,Adami1999,Beagle chanel,-54,-68.3333333333333,
Anasterias antarctica,Pareuthria fuscata,Adami1999,Beagle chanel,-54,-68.3333333333333,
Asterina fimbriata,Pareuthria fuscata,Adami1999,Beagle chanel,-54,-68.3333333333333,
Cosmasterias lurida,Pareuthria fuscata,Adami1999,Beagle chanel,-54,-68.3333333333333,
Anasterias antarctica,Plaxiphora sp.,Adami1999,Beagle chanel,-54,-68.3333333333333,
Asterina fimbriata,Plaxiphora sp.,Adami1999,Beagle chanel,-54,-68.3333333333333,
Cosmasterias lurida,Plaxiphora sp.,Adami1999,Beagle chanel,-54,-68.3333333333333,
Glabraster antarctica,Porifera,Adami1999,Beagle chanel,-54,-68.3333333333333,
Anasterias antarctica,Pseudechinus magellanicus,Adami1999,Beagle chanel,-54,-68.3333333333333,
Asterina fimbriata,Pseudechinus magellanicus,Adami1999,Beagle chanel,-54,-68.3333333333333,
Cosmasterias lurida,Pseudechinus magellanicus,Adami1999,Beagle chanel,-54,-68.3333333333333,
Anasterias antarctica,Spirorbinae,Adami1999,Beagle chanel,-54,-68.3333333333333,
Asterina fimbriata,Spirorbinae,Adami1999,Beagle chanel,-54,-68.3333333333333,
Cosmasterias lurida,Spirorbinae,Adami1999,Beagle chanel,-54,-68.3333333333333,
Anasterias antarctica,Trophon geversianus,Adami1999,Beagle chanel,-54,-68.3333333333333,
Asterina fimbriata,Trophon geversianus,Adami1999,Beagle chanel,-54,-68.3333333333333,
Cosmasterias lurida,Trophon geversianus,Adami1999,Beagle chanel,-54,-68.3333333333333,
Ctenophora,Diatomea,Alvariño1985,,,,
Cephalopoda,Euphausiacea,Alvariño1985,,,,
Merluccius hubbsi,Euphausiacea,Alves2018,Atlantico sudoccidental,-42 -47,,
Merluccius hubbsi,Merluccius hubbsi,Alves2018,Atlantico sudoccidental,-42 -48,,
Merluccius hubbsi,Munida gregaria,Alves2018,Atlantico sudoccidental,-42 -49,,
Trophon geversianus,Aulacomya atra,Andrade2007,,,,
Trophon geversianus,Hiatella arctica,Andrade2007,,,,
Trophon geversianus,Perumytilus purpuratus,Andrade2007,,,,
Salilota australis,Bivalvia,Arkhipkin2001,,,,
Salilota australis,Cephalopoda,Arkhipkin2001,,,,
Salilota australis,Copepoda,Arkhipkin2001,,,,
Salilota australis,Cottoperca gobio,Arkhipkin2001,,,,
Salilota australis,Cottoperca gobio,Arkhipkin2001,,,,
Salilota australis,Dissostichus eleginoides,Arkhipkin2001,,,,
Salilota australis,Euphausiacea,Arkhipkin2001,,,,
Salilota australis,Gammaridea,Arkhipkin2001,,,,
Salilota australis,Gastropoda,Arkhipkin2001,,,,
Salilota australis,Holothuroidea,Arkhipkin2001,,,,
Salilota australis,Isopoda,Arkhipkin2001,,,,
Salilota australis,Macruronus magellanicus,Arkhipkin2001,,,,
Salilota australis,Merluccius hubbsi,Arkhipkin2001,,,,
Salilota australis,Munida gregaria,Arkhipkin2001,,,,
Salilota australis,Ophiuroidea,Arkhipkin2001,,,,
Salilota australis,Patagonotothen ramsayi,Arkhipkin2001,,,,
Salilota australis,Polychaeta,Arkhipkin2001,,,,
Salilota australis,Porifera,Arkhipkin2001,,,,
Salilota australis,Sprattus fuegensis,Arkhipkin2001,,,,
Dissostichus eleginoides,Bathyraja albomaculata,Arkhipkin2003,,,,
Dissostichus eleginoides,Bryozoa,Arkhipkin2003,,,,
Dissostichus eleginoides,Cephalopoda,Arkhipkin2003,,,,
Dissostichus eleginoides,Cottoperca gobio,Arkhipkin2003,,,,
Dissostichus eleginoides,Macruronus magellanicus,Arkhipkin2003,,,,
Dissostichus eleginoides,Necromass,Arkhipkin2003,,,,
Dissostichus eleginoides,Patagonotothen ramsayi,Arkhipkin2003,,,,
Dissostichus eleginoides,Polychaeta,Arkhipkin2003,,,,
Dissostichus eleginoides,Salilota australis,Arkhipkin2003,,,,
Dissostichus eleginoides,Sprattus fuegensis,Arkhipkin2003,,,,
Lithodes santolla,Munida gregaria,Balzi1997,,,,
Lithodes santolla,Peltarion spinosulum,Balzi1997,,,,
Lithodes santolla,Pseudechinus magellanicus,Balzi1997,,,,
Polyplacophora,Bryozoa,Bascompte2005,,,,
Polyplacophora,Diatomea,Bascompte2005,,,,
Tanaidacea,Diatomea,Bascompte2005,,,,
Bryozoa,Fresh detritus,Bascompte2005,,,,
Membranipora isabelleana,Fresh detritus,Bascompte2005,,,,
Bryozoa,Phytoplankton,Bascompte2005,,,,
Membranipora isabelleana,Phytoplankton,Bascompte2005,,,,
Gastropoda,Polyplacophora,Bascompte2005,,,,
Polyplacophora,Porifera,Bascompte2005,,,,
Gastropoda,Tanaidacea,Bascompte2005,,,,
Bathyraja brachyurops,Amphipoda,Belleggia2008,,,,
Bathyraja brachyurops,Bathyraja brachyurops,Belleggia2008,,,,
Bathyraja brachyurops,Cephalopoda,Belleggia2008,,,,
Bathyraja brachyurops,Crustacea,Belleggia2008,,,,
Bathyraja brachyurops,Gammaridea,Belleggia2008,,,,
Bathyraja brachyurops,Genypterus blacodes,Belleggia2008,,,,
Bathyraja brachyurops,Macruronus magellanicus,Belleggia2008,,,,
Bathyraja brachyurops,Merluccius hubbsi,Belleggia2008,,,,
Bathyraja brachyurops,Munida gregaria,Belleggia2008,,,,
Bathyraja brachyurops,Patagonotothen sp.,Belleggia2008,,,,
Bathyraja brachyurops,Peltarion spinosulum,Belleggia2008,,,,
Bathyraja brachyurops,Polychaeta,Belleggia2008,,,,
Bathyraja griseocauda,Amphipoda,Belleggia2014,,,,
Bathyraja scaphiops,Amphipoda,Belleggia2014,,,,
Bathyraja griseocauda,Genypterus blacodes,Belleggia2014,,,,
Bathyraja griseocauda,Isopoda,Belleggia2014,,,,
Bathyraja scaphiops,Isopoda,Belleggia2014,,,,
Bathyraja griseocauda,Macruronus magellanicus,Belleggia2014,,,,
Bathyraja griseocauda,Pagurus comptus,Belleggia2014,,,,
Bathyraja griseocauda,Patagonotothen sp.,Belleggia2014,,,,
Bathyraja scaphiops,Patagonotothen sp.,Belleggia2014,,,,
Bathyraja griseocauda,Polychaeta,Belleggia2014,,,,
Harpagifer bispinis,Laevilitorina caliginosa,Blankley1985,,,,
Paranotothenia magellanica,Laevilitorina caliginosa,Blankley1985,,,,
Cumacea,Diatomea,Blazewicz-Paszkowycz2002,,,,
Tanaidacea,Diatomea,Blazewicz-Paszkowycz2002,,,,
Bathyraja brachyurops,Bathyraja brachyurops,Brickle2003,,,,
Bathyraja griseocauda,Bathyraja griseocauda,Brickle2003,,,,
Bathyraja griseocauda,Bathyraja scaphiops,Brickle2003,,,,
Bathyraja albomaculata,Cephalopoda,Brickle2003,,,,
Bathyraja griseocauda,Cephalopoda,Brickle2003,,,,
Bathyraja griseocauda,Copepoda,Brickle2003,,,,
Bathyraja brachyurops,Cottoperca gobio,Brickle2003,,,,
Bathyraja griseocauda,Cottoperca gobio,Brickle2003,,,,
Bathyraja albomaculata,Crustacea,Brickle2003,,,,
Bathyraja griseocauda,Crustacea,Brickle2003,,,,
Bathyraja albomaculata,Dissostichus eleginoides,Brickle2003,,,,
Bathyraja brachyurops,Dissostichus eleginoides,Brickle2003,,,,
Bathyraja griseocauda,Dissostichus eleginoides,Brickle2003,,,,
Bathyraja albomaculata,Euphausiacea,Brickle2003,,,,
Bathyraja brachyurops,Euphausiacea,Brickle2003,,,,
Bathyraja griseocauda,Euphausiacea,Brickle2003,,,,
Bathyraja albomaculata,Gammaridea,Brickle2003,,,,
Bathyraja brachyurops,Gammaridea,Brickle2003,,,,
Bathyraja griseocauda,Gammaridea,Brickle2003,,,,
Bathyraja brachyurops,Gastropoda,Brickle2003,,,,
Bathyraja griseocauda,Gastropoda,Brickle2003,,,,
Bathyraja albomaculata,Isopoda,Brickle2003,,,,
Bathyraja brachyurops,Isopoda,Brickle2003,,,,
Bathyraja griseocauda,Isopoda,Brickle2003,,,,
Bathyraja brachyurops,Macroalgae,Brickle2003,,,,
Bathyraja griseocauda,Macroalgae,Brickle2003,,,,
Bathyraja brachyurops,Macruronus magellanicus,Brickle2003,,,,
Bathyraja griseocauda,Macruronus magellanicus,Brickle2003,,,,
Bathyraja albomaculata,Munida gregaria,Brickle2003,,,,
Bathyraja brachyurops,Munida gregaria,Brickle2003,,,,
Bathyraja griseocauda,Munida gregaria,Brickle2003,,,,
Bathyraja albomaculata,Myxine glutinosa,Brickle2003,,,,
Bathyraja brachyurops,Myxine glutinosa,Brickle2003,,,,
Bathyraja griseocauda,Myxine glutinosa,Brickle2003,,,,
Bathyraja albomaculata,Nemertea,Brickle2003,,,,
Bathyraja brachyurops,Nemertea,Brickle2003,,,,
Bathyraja albomaculata,Ophiuroidea,Brickle2003,,,,
Bathyraja brachyurops,Ophiuroidea,Brickle2003,,,,
Bathyraja brachyurops,Pagurus comptus,Brickle2003,,,,
Bathyraja griseocauda,Pagurus comptus,Brickle2003,,,,
Bathyraja brachyurops,Patagonotothen sp.,Brickle2003,,,,
Bathyraja griseocauda,Patagonotothen sp.,Brickle2003,,,,
Bathyraja albomaculata,Peltarion spinosulum,Brickle2003,,,,
Bathyraja brachyurops,Peltarion spinosulum,Brickle2003,,,,
Bathyraja albomaculata,Polychaeta,Brickle2003,,,,
Bathyraja brachyurops,Polychaeta,Brickle2003,,,,
Bathyraja griseocauda,Polychaeta,Brickle2003,,,,
Bathyraja brachyurops,Priapulida,Brickle2003,,,,
Bathyraja brachyurops,Sprattus fuegensis,Brickle2003,,,,
Bathyraja griseocauda,Sprattus fuegensis,Brickle2003,,,,
Nereididae,Aged detritus,Brose2005,,,,
Ostracoda,Aged detritus,Brose2005,,,,
Tanaidacea,Aged detritus,Brose2005,,,,
Polyplacophora,Bryozoa,Brose2005,,,,
Euphausiacea,Copepoda,Brose2005,,,,
Bivalvia,Diatomea,Brose2005,,,,
Glabraster antarctica,Diatomea,Brose2005,,,,
Ostracoda,Diatomea,Brose2005,,,,
Tanaidacea,Diatomea,Brose2005,,,,
Ophiuroidea,Euphausiacea,Brose2005,,,,
Bryozoa,Fresh detritus,Brose2005,,,,
Echiura,Fresh detritus,Brose2005,,,,
Gastropoda,Fresh detritus,Brose2005,,,,
Glabraster antarctica,Fresh detritus,Brose2005,,,,
Membranipora isabelleana,Fresh detritus,Brose2005,,,,
Ostracoda,Fresh detritus,Brose2005,,,,
Tanaidacea,Fresh detritus,Brose2005,,,,
Glabraster antarctica,Ostracoda,Brose2005,,,,
Polychaeta,Ostracoda,Brose2005,,,,
Bivalvia,Phytoplankton,Brose2005,,,,
Bryozoa,Phytoplankton,Brose2005,,,,
Euphausiacea,Phytoplankton,Brose2005,,,,
Glabraster antarctica,Phytoplankton,Brose2005,,,,
Membranipora isabelleana,Phytoplankton,Brose2005,,,,
Ostracoda,Phytoplankton,Brose2005,,,,
Tanaidacea,Phytoplankton,Brose2005,,,,
Gastropoda,Porifera,Brose2005,,,,
Polyplacophora,Porifera,Brose2005,,,,
Ostracoda,Zooplankton,Brose2005,,,,
Tanaidacea,Aged detritus,Brueggeman1998,,,,
Euphausiacea,Copepoda,Brueggeman1998,,,,
Zooplankton,Copepoda,Brueggeman1998,,,,
Ostracoda,Diatomea,Brueggeman1998,,,,
Tanaidacea,Diatomea,Brueggeman1998,,,,
Euphausiacea,Euphausiacea,Brueggeman1998,,,,
Ascidiacea,Fresh detritus,Brueggeman1998,,,,
Ostracoda,Fresh detritus,Brueggeman1998,,,,
Ascidiacea,Phytoplankton,Brueggeman1998,,,,
Bryozoa,Phytoplankton,Brueggeman1998,,,,
Copepoda,Phytoplankton,Brueggeman1998,,,,
Euphausiacea,Phytoplankton,Brueggeman1998,,,,
Membranipora isabelleana,Phytoplankton,Brueggeman1998,,,,
Cephalopoda,Polychaeta,Brueggeman1998,,,,
Euphausiacea,Zooplankton,Brueggeman1998,,,,
Hyperiidea,Zooplankton,Brueggeman1998,,,,
Raja (Dipturus) chilensis,Amphipoda,Buren2004,,,,
Raja (Dipturus) chilensis,Arbacia dufresnii,Buren2004,,,,
Raja (Dipturus) chilensis,Cephalopoda,Buren2004,,,,
Raja (Dipturus) chilensis,Congiopodus peruvianus,Buren2004,,,,
Raja (Dipturus) chilensis,Gammaridea,Buren2004,,,,
Raja (Dipturus) chilensis,Gastropoda,Buren2004,,,,
Raja (Dipturus) chilensis,Genypterus blacodes,Buren2004,,,,
Raja (Dipturus) chilensis,Hyperiidea,Buren2004,,,,
Raja (Dipturus) chilensis,Isopoda,Buren2004,,,,
Raja (Dipturus) chilensis,Macruronus magellanicus,Buren2004,,,,
Raja (Dipturus) chilensis,Merluccius hubbsi,Buren2004,,,,
Raja (Dipturus) chilensis,Munida gregaria,Buren2004,,,,
Raja (Dipturus) chilensis,Myxine glutinosa,Buren2004,,,,
Raja (Dipturus) chilensis,Patagonotothen ramsayi,Buren2004,,,,
Raja (Dipturus) chilensis,Peltarion spinosulum,Buren2004,,,,
Raja (Dipturus) chilensis,Polychaeta,Buren2004,,,,
Raja (Dipturus) chilensis,Porifera,Buren2004,,,,
Raja (Dipturus) chilensis,Pseudechinus magellanicus,Buren2004,,,,
Raja (Dipturus) chilensis,Raja (Dipturus) chilensis,Buren2004,,,,
Raja (Dipturus) chilensis,Stromateus brasiliensis,Buren2004,,,,
Tonicia sp.,Bryozoa,Camus2013,,,,
Fissurella picta,Cladophora sp.,Camus2013,,,,
Fissurella picta,Codium sp.,Camus2013,,,,
Siphonaria lessonii,Codium sp.,Camus2013,,,,
Tonicia sp.,Codium sp.,Camus2013,,,,
Fissurella picta,Ectocarpus sp.,Camus2013,,,,
Loxechinus albus,Hydrozoa,Camus2013,,,,
Fissurella picta,Porifera,Camus2013,,,,
Tonicia sp.,Porifera,Camus2013,,,,
Loxechinus albus,Ulva sp.,Camus2013,,,,
Siphonaria lessonii,Ulva sp.,Camus2013,,,,
Siphonaria lessonii,Ulva sp.,Camus2013,,,,
Odontesthes nigricans,Amphipoda,Carballo2008,,,,
Odontesthes nigricans,Hydrozoa,Carballo2008,,,,
Odontesthes nigricans,Isopoda,Carballo2008,,,,
Odontesthes nigricans,Macroalgae,Carballo2008,,,,
Odontesthes nigricans,Munida gregaria,Carballo2008,,,,
Odontesthes nigricans,Polychaeta,Carballo2008,,,,
Cosmasterias lurida,Arbacia dufresnii,Castilla1985,,,,
Cosmasterias lurida,Ascidiacea,Castilla1985,,,,
Cosmasterias lurida,Aulacomya atra,Castilla1985,,,,
Trophon geversianus,Aulacomya atra,Castilla1985,,,,
Arbacia dufresnii,Bryozoa,Castilla1985,,,,
Cosmasterias lurida,Crepipatella dilatata,Castilla1985,,,,
Cosmasterias lurida,Fissurella oriens,Castilla1985,,,,
Campylonotus vagans,Fresh detritus,Castilla1985,,,,
Exosphaeroma gigas,Fresh detritus,Castilla1985,,,,
Munida gregaria,Fresh detritus,Castilla1985,,,,
Pareuthria fuscata,Fresh detritus,Castilla1985,,,,
Cosmasterias lurida,Gaimardia trapesina,Castilla1985,,,,
Cosmasterias lurida,Halicarcinus planatus ,Castilla1985,,,,
Cosmasterias lurida,Loxechinus albus,Castilla1985,,,,
Arbacia dufresnii,Macroalgae,Castilla1985,,,,
Crepipatella dilatata,Macroalgae,Castilla1985,,,,
Fissurella picta,Macroalgae,Castilla1985,,,,
Margarella violacea,Macroalgae,Castilla1985,,,,
Arbacia dufresnii,Macrocystis pyrifera,Castilla1985,,,,
Crepipatella dilatata,Macrocystis pyrifera,Castilla1985,,,,
Fissurella picta,Macrocystis pyrifera,Castilla1985,,,,
Loxechinus albus,Macrocystis pyrifera,Castilla1985,,,,
Margarella violacea,Macrocystis pyrifera,Castilla1985,,,,
Nacella magellanica,Macrocystis pyrifera,Castilla1985,,,,
Nacella mytilina,Macrocystis pyrifera,Castilla1985,,,,
Pseudechinus magellanicus,Macrocystis pyrifera,Castilla1985,,,,
Cosmasterias lurida,Munida gregaria,Castilla1985,,,,
Cosmasterias lurida,Nacella magellanica,Castilla1985,,,,
Cosmasterias lurida,Nacella mytilina,Castilla1985,,,,
Cosmasterias lurida,Necromass,Castilla1985,,,,
Halicarcinus planatus ,Necromass,Castilla1985,,,,
Munida gregaria,Necromass,Castilla1985,,,,
Pareuthria fuscata,Necromass,Castilla1985,,,,
Cosmasterias lurida,Paralomis granulosa,Castilla1985,,,,
Cosmasterias lurida,Pareuthria fuscata,Castilla1985,,,,
Trophon geversianus,Perumytilus purpuratus,Castilla1985,,,,
Cosmasterias lurida,Polyplacophora,Castilla1985,,,,
Glabraster antarctica,Porifera,Castilla1985,,,,
Cosmasterias lurida,Priapulida,Castilla1985,,,,
Cosmasterias lurida,Pseudechinus magellanicus,Castilla1985,,,,
Arbacia dufresnii,Serpulidae,Castilla1985,,,,
Cosmasterias lurida,Serpulidae,Castilla1985,,,,
Cosmasterias lurida,Trophon geversianus,Castilla1985,,,,
Cumacea,Aged detritus,Cohen1990,,,,
Pagurus comptus,Aged detritus,Cohen1990,,,,
Hyperiidea,Copepoda,Cohen1990,,,,
Polychaeta,Copepoda,Cohen1990,,,,
Polychaeta,Cumacea,Cohen1990,,,,
Polychaeta,Euphausiacea,Cohen1990,,,,
Copepoda,Fresh detritus,Cohen1990,,,,
Mytilus edulis chilensis,Fresh detritus,Cohen1990,,,,
Polychaeta,Fresh detritus,Cohen1990,,,,
Polychaeta,Hyperiidea,Cohen1990,,,,
Pagurus comptus,Mytilus edulis chilensis,Cohen1990,,,,
Polychaeta,Ostracoda,Cohen1990,,,,
Copepoda,Phytoplankton,Cohen1990,,,,
Pagurus comptus,Polychaeta,Cohen1990,,,,
Lithodes santolla,Amphipoda,Comoglio1990,,,,
Lithodes santolla,Ascidiacea,Comoglio1990,,,,
Lithodes santolla,Bivalvia,Comoglio1990,,,,
Lithodes santolla,Bryozoa,Comoglio1990,,,,
Lithodes santolla,Copepoda,Comoglio1990,,,,
Lithodes santolla,Gastropoda,Comoglio1990,,,,
Lithodes santolla,Halicarcinus planatus ,Comoglio1990,,,,
Lithodes santolla,Hydrozoa,Comoglio1990,,,,
Lithodes santolla,Isopoda,Comoglio1990,,,,
Lithodes santolla,Macroalgae,Comoglio1990,,,,
Lithodes santolla,Munida gregaria,Comoglio1990,,,,
Lithodes santolla,Ophiuroidea,Comoglio1990,,,,
Lithodes santolla,Pagurus comptus,Comoglio1990,,,,
Lithodes santolla,Polyplacophora,Comoglio1990,,,,
Lithodes santolla,Porifera,Comoglio1990,,,,
Lithodes santolla,Pseudechinus magellanicus,Comoglio1990,,,,
Lithodes santolla,Serpulidae,Comoglio1990,,,,
Lithodes santolla,Zooplankton,Comoglio1990,,,,
Lithodes santolla,Amphipoda,Comoglio1994,,,,
Pagurus comptus,Amphipoda,Comoglio1994,,,,
Eurypodius latreillii,Aulacomya atra,Comoglio1994,,,,
Lithodes santolla,Aulacomya atra,Comoglio1994,,,,
Paralomis granulosa,Aulacomya atra,Comoglio1994,,,,
Peltarion spinosulum,Aulacomya atra,Comoglio1994,,,,
Eurypodius latreillii,Bivalvia,Comoglio1994,,,,
Lithodes santolla,Bivalvia,Comoglio1994,,,,
Paralomis granulosa,Bivalvia,Comoglio1994,,,,
Peltarion spinosulum,Bivalvia,Comoglio1994,,,,
Acanthocyclus albatrossis,Calliostoma nudum,Comoglio1994,,,,
Eurypodius latreillii,Calliostoma nudum,Comoglio1994,,,,
Lithodes santolla,Calliostoma nudum,Comoglio1994,,,,
Paralomis granulosa,Calliostoma nudum,Comoglio1994,,,,
Peltarion spinosulum,Calliostoma nudum,Comoglio1994,,,,
Paralomis granulosa,Cirripedia,Comoglio1994,,,,
Halicarcinus planatus ,Cladophora sp.,Comoglio1994,,,,
Eurypodius latreillii,Copepoda,Comoglio1994,,,,
Halicarcinus planatus ,Copepoda,Comoglio1994,,,,
Lithodes santolla,Copepoda,Comoglio1994,,,,
Pagurus comptus,Copepoda,Comoglio1994,,,,
Paralomis granulosa,Copepoda,Comoglio1994,,,,
Peltarion spinosulum,Copepoda,Comoglio1994,,,,
Acanthocyclus albatrossis,Crustacea,Comoglio1994,,,,
Eurypodius latreillii,Crustacea,Comoglio1994,,,,
Peltarion spinosulum,Crustacea,Comoglio1994,,,,
Halicarcinus planatus ,Diatomea,Comoglio1994,,,,
Acanthocyclus albatrossis,Fissurella picta,Comoglio1994,,,,
Eurypodius latreillii,Fissurella picta,Comoglio1994,,,,
Lithodes santolla,Fissurella picta,Comoglio1994,,,,
Paralomis granulosa,Fissurella picta,Comoglio1994,,,,
Peltarion spinosulum,Fissurella picta,Comoglio1994,,,,
Acanthocyclus albatrossis,Gastropoda,Comoglio1994,,,,
Eurypodius latreillii,Gastropoda,Comoglio1994,,,,
Lithodes santolla,Gastropoda,Comoglio1994,,,,
Paralomis granulosa,Gastropoda,Comoglio1994,,,,
Peltarion spinosulum,Gastropoda,Comoglio1994,,,,
Eurypodius latreillii,Halicarcinus planatus ,Comoglio1994,,,,
Lithodes santolla,Halicarcinus planatus ,Comoglio1994,,,,
Eurypodius latreillii,Hiatella arctica,Comoglio1994,,,,
Lithodes santolla,Hiatella arctica,Comoglio1994,,,,
Paralomis granulosa,Hiatella arctica,Comoglio1994,,,,
Peltarion spinosulum,Hiatella arctica,Comoglio1994,,,,
Eurypodius latreillii,Hydrozoa,Comoglio1994,,,,
Lithodes santolla,Hydrozoa,Comoglio1994,,,,
Pagurus comptus,Hydrozoa,Comoglio1994,,,,
Paralomis granulosa,Hydrozoa,Comoglio1994,,,,
Peltarion spinosulum,Hydrozoa,Comoglio1994,,,,
Acanthocyclus albatrossis,Isopoda,Comoglio1994,,,,
Acanthocyclus albatrossis,Isopoda,Comoglio1994,,,,
Eurypodius latreillii,Isopoda,Comoglio1994,,,,
Lithodes santolla,Isopoda,Comoglio1994,,,,
Pagurus comptus,Isopoda,Comoglio1994,,,,
Paralomis granulosa,Isopoda,Comoglio1994,,,,
Acanthocyclus albatrossis,Macroalgae,Comoglio1994,,,,
Eurypodius latreillii,Macroalgae,Comoglio1994,,,,
Lithodes santolla,Macroalgae,Comoglio1994,,,,
Pagurus comptus,Macroalgae,Comoglio1994,,,,
Paralomis granulosa,Macroalgae,Comoglio1994,,,,
Peltarion spinosulum,Macroalgae,Comoglio1994,,,,
Acanthocyclus albatrossis,Macrocystis pyrifera,Comoglio1994,,,,
Lithodes santolla,Macrocystis pyrifera,Comoglio1994,,,,
Paralomis granulosa,Macrocystis pyrifera,Comoglio1994,,,,
Acanthocyclus albatrossis,Margarella violacea,Comoglio1994,,,,
Eurypodius latreillii,Margarella violacea,Comoglio1994,,,,
Lithodes santolla,Margarella violacea,Comoglio1994,,,,
Paralomis granulosa,Margarella violacea,Comoglio1994,,,,
Peltarion spinosulum,Margarella violacea,Comoglio1994,,,,
Eurypodius latreillii,Membranipora isabelleana,Comoglio1994,,,,
Halicarcinus planatus ,Membranipora isabelleana,Comoglio1994,,,,
Lithodes santolla,Membranipora isabelleana,Comoglio1994,,,,
Pagurus comptus,Membranipora isabelleana,Comoglio1994,,,,
Paralomis granulosa,Membranipora isabelleana,Comoglio1994,,,,
Peltarion spinosulum,Membranipora isabelleana,Comoglio1994,,,,
Eurypodius latreillii,Munida gregaria,Comoglio1994,,,,
Lithodes santolla,Munida gregaria,Comoglio1994,,,,
Paralomis granulosa,Munida gregaria,Comoglio1994,,,,
Peltarion spinosulum,Munida gregaria,Comoglio1994,,,,
Eurypodius latreillii,Mytilus edulis chilensis,Comoglio1994,,,,
Lithodes santolla,Mytilus edulis chilensis,Comoglio1994,,,,
Paralomis granulosa,Mytilus edulis chilensis,Comoglio1994,,,,
Peltarion spinosulum,Mytilus edulis chilensis,Comoglio1994,,,,
Pagurus comptus,Ostracoda,Comoglio1994,,,,
Paralomis granulosa,Ostracoda,Comoglio1994,,,,
Eurypodius latreillii,Pagurus comptus,Comoglio1994,,,,
Lithodes santolla,Pagurus comptus,Comoglio1994,,,,
Paralomis granulosa,Pagurus comptus,Comoglio1994,,,,
Halicarcinus planatus ,Phytoplankton,Comoglio1994,,,,
Eurypodius latreillii,Polychaeta,Comoglio1994,,,,
Eurypodius latreillii,Polychaeta,Comoglio1994,,,,
Lithodes santolla,Polychaeta,Comoglio1994,,,,
Pagurus comptus,Polychaeta,Comoglio1994,,,,
Paralomis granulosa,Polychaeta,Comoglio1994,,,,
Peltarion spinosulum,Polychaeta,Comoglio1994,,,,
Halicarcinus planatus ,Polysiphonia sp.,Comoglio1994,,,,
Eurypodius latreillii,Pseudechinus magellanicus,Comoglio1994,,,,
Lithodes santolla,Pseudechinus magellanicus,Comoglio1994,,,,
Pagurus comptus,Pseudechinus magellanicus,Comoglio1994,,,,
Pagurus comptus,Pseudechinus magellanicus,Comoglio1994,,,,
Paralomis granulosa,Pseudechinus magellanicus,Comoglio1994,,,,
Peltarion spinosulum,Pseudechinus magellanicus,Comoglio1994,,,,
Lithodes santolla,Tonicia sp.,Comoglio1994,,,,
Paralomis granulosa,Tonicia sp.,Comoglio1994,,,,
Acanthocyclus albatrossis,Zooplankton,Comoglio1994,,,,
Eurypodius latreillii,Zooplankton,Comoglio1994,,,,
Halicarcinus planatus ,Zooplankton,Comoglio1994,,,,
Lithodes santolla,Zooplankton,Comoglio1994,,,,
Pagurus comptus,Zooplankton,Comoglio1994,,,,
Paralomis granulosa,Zooplankton,Comoglio1994,,,,
Peltarion spinosulum,Zooplankton,Comoglio1994,,,,
Paralomis granulosa,Aulacomya atra,Comoglio1999,,,,
Paralomis granulosa,Bivalvia,Comoglio1999,,,,
Paralomis granulosa,Bryozoa,Comoglio1999,,,,
Paralomis granulosa,Calliostoma nudum,Comoglio1999,,,,
Paralomis granulosa,Crustacea,Comoglio1999,,,,
Paralomis granulosa,Fissurella picta,Comoglio1999,,,,
Paralomis granulosa,Gastropoda,Comoglio1999,,,,
Paralomis granulosa,Hiatella arctica,Comoglio1999,,,,
Paralomis granulosa,Hydrozoa,Comoglio1999,,,,
Paralomis granulosa,Macroalgae,Comoglio1999,,,,
Paralomis granulosa,Margarella violacea,Comoglio1999,,,,
Paralomis granulosa,Membranipora isabelleana,Comoglio1999,,,,
Paralomis granulosa,Mytilus edulis chilensis,Comoglio1999,,,,
Paralomis granulosa,Polychaeta,Comoglio1999,,,,
Paralomis granulosa,Pseudechinus magellanicus,Comoglio1999,,,,
Paralomis granulosa,Zooplankton,Comoglio1999,,,,
Genypterus blacodes,Cottoperca gobio,Cordo2004,,,,
Genypterus blacodes,Macruronus magellanicus,Cordo2004,,,,
Genypterus blacodes,Merluccius hubbsi,Cordo2004,,,,
Genypterus blacodes,Patagonotothen ramsayi,Cordo2004,,,,
Genypterus blacodes,Salilota australis,Cordo2004,,,,
Trophon geversianus,Mytilus edulis chilensis,Curelovich2016,,,,
Harpagifer bispinis,Amphipoda,Daniels1982,,,,
Harpagifer bispinis,Isopoda,Daniels1982,,,,
Harpagifer bispinis,Ostracoda,Daniels1982,,,,
Harpagifer bispinis,Polychaeta,Daniels1982,,,,
Amphipoda,Ostracoda,Dauby2001,,,,
Amphipoda,Aged detritus,Diaz2016,,,,
Exosphaeroma gigas,Aged detritus,Diaz2016,,,,
Halicarcinus planatus ,Aged detritus,Diaz2016,,,,
Pareuthria fuscata,Aged detritus,Diaz2016,,,,
Polychaeta,Aged detritus,Diaz2016,,,,
Anasterias antarctica,Aulacomya atra,Diaz2016,,,,
Anasterias antarctica,Exosphaeroma gigas,Diaz2016,,,,
Austrolycus depressiceps,Exosphaeroma gigas,Diaz2016,,,,
Harpagifer bispinis,Exosphaeroma gigas,Diaz2016,,,,
Aulacomya atra,Fresh detritus,Diaz2016,,,,
Gaimardia trapesina,Fresh detritus,Diaz2016,,,,
Mytilus edulis chilensis,Fresh detritus,Diaz2016,,,,
Perumytilus purpuratus,Fresh detritus,Diaz2016,,,,
Anasterias antarctica,Gaimardia trapesina,Diaz2016,,,,
Anasterias antarctica,Laevilitorina caliginosa,Diaz2016,,,,
Nacella magellanica,Laevilitorina caliginosa,Diaz2016,,,,
Anasterias antarctica,Mytilus edulis chilensis,Diaz2016,,,,
Nacella magellanica,Mytilus edulis chilensis,Diaz2016,,,,
Anasterias antarctica,Nacella deaurata,Diaz2016,,,,
Anasterias antarctica,Nacella magellanica,Diaz2016,,,,
Nacella deaurata,Ostracoda,Diaz2016,,,,
Anasterias antarctica,Pareuthria fuscata,Diaz2016,,,,
Anasterias antarctica,Perumytilus purpuratus,Diaz2016,,,,
Nacella deaurata,Phytoplankton,Diaz2016,,,,
Nacella magellanica,Phytoplankton,Diaz2016,,,,
Nacella magellanica,Phytoplankton,Diaz2016,,,,
Plaxiphora sp.,Phytoplankton,Diaz2016,,,,
Anasterias antarctica,Plaxiphora sp.,Diaz2016,,,,
Nacella deaurata,Zooplankton,Diaz2016,,,,
Nacella magellanica,Zooplankton,Diaz2016,,,,
Merluccius hubbsi,Munida gregaria,Diez2016,,,,
Harpagifer bispinis,Amphipoda,Duarte1981,,,,
Harpagifer bispinis,Isopoda,Duarte1981,,,,
Harpagifer bispinis,Nemertea,Duarte1981,,,,
Harpagifer bispinis,Polychaeta,Duarte1981,,,,
Dissostichus eleginoides,Amphipoda,Duhamel1985,,,,
Dissostichus eleginoides,Cephalopoda,Duhamel1985,,,,
Dissostichus eleginoides,Isopoda,Duhamel1985,,,,
Cumacea,Aged detritus,Dunne2016,,,,
Gammaridea,Aged detritus,Dunne2016,,,,
Glyceridae,Aged detritus,Dunne2016,,,,
Nereididae,Aged detritus,Dunne2016,,,,
Oligochaeta,Aged detritus,Dunne2016,,,,
Pagurus comptus,Aged detritus,Dunne2016,,,,
Polynoidae,Aged detritus,Dunne2016,,,,
Terebellidae,Aged detritus,Dunne2016,,,,
Laevilitorina caliginosa,Cladophora sp.,Dunne2016,,,,
Euphausiacea,Copepoda,Dunne2016,,,,
Gammaridea,Copepoda,Dunne2016,,,,
Hydrozoa,Copepoda,Dunne2016,,,,
Hyperiidea,Copepoda,Dunne2016,,,,
Nemertea,Copepoda,Dunne2016,,,,
Nereididae,Cumacea,Dunne2016,,,,
Ophiuroidea,Cumacea,Dunne2016,,,,
Gammaridea,Desmarestia sp.,Dunne2016,,,,
Laevilitorina caliginosa,Desmarestia sp.,Dunne2016,,,,
Gammaridea,Diatomea,Dunne2016,,,,
Hydrozoa,Diatomea,Dunne2016,,,,
Laevilitorina caliginosa,Diatomea,Dunne2016,,,,
Mytilus edulis chilensis,Diatomea,Dunne2016,,,,
Nereididae,Diatomea,Dunne2016,,,,
Notobalanus flosculus,Diatomea,Dunne2016,,,,
Ophiuroidea,Diatomea,Dunne2016,,,,
Pagurus comptus,Diatomea,Dunne2016,,,,
Polynoidae,Diatomea,Dunne2016,,,,
Polyplacophora,Diatomea,Dunne2016,,,,
Serpulidae,Diatomea,Dunne2016,,,,
Terebellidae,Diatomea,Dunne2016,,,,
Ophiuroidea,Echiura,Dunne2016,,,,
Euphausiacea,Euphausiacea,Dunne2016,,,,
Hydrozoa,Euphausiacea,Dunne2016,,,,
Hyperiidea,Euphausiacea,Dunne2016,,,,
Chthamalus sp.,Fresh detritus,Dunne2016,,,,
Copepoda,Fresh detritus,Dunne2016,,,,
Echiura,Fresh detritus,Dunne2016,,,,
Euphausiacea,Fresh detritus,Dunne2016,,,,
Hiatella arctica,Fresh detritus,Dunne2016,,,,
Hydrozoa,Fresh detritus,Dunne2016,,,,
Laevilitorina caliginosa,Fresh detritus,Dunne2016,,,,
Mytilus edulis chilensis,Fresh detritus,Dunne2016,,,,
Notobalanus flosculus,Fresh detritus,Dunne2016,,,,
Ophiuroidea,Fresh detritus,Dunne2016,,,,
Ostracoda,Fresh detritus,Dunne2016,,,,
Polyplacophora,Fresh detritus,Dunne2016,,,,
Porifera,Fresh detritus,Dunne2016,,,,
Serpulidae,Fresh detritus,Dunne2016,,,,
Siphonaria lessonii,Fresh detritus,Dunne2016,,,,
Terebellidae,Fresh detritus,Dunne2016,,,,
Gammaridea,Gammaridea,Dunne2016,,,,
Glyceridae,Gammaridea,Dunne2016,,,,
Hydrozoa,Gammaridea,Dunne2016,,,,
Nemertea,Gammaridea,Dunne2016,,,,
Nereididae,Gammaridea,Dunne2016,,,,
Ophiuroidea,Gammaridea,Dunne2016,,,,
Polynoidae,Gammaridea,Dunne2016,,,,
Pagurus comptus,Glyceridae,Dunne2016,,,,
Nereididae,Hydrozoa,Dunne2016,,,,
Ophiuroidea,Hydrozoa,Dunne2016,,,,
Pagurus comptus,Hydrozoa,Dunne2016,,,,
Polynoidae,Hydrozoa,Dunne2016,,,,
Laevilitorina caliginosa,Macroalgae,Dunne2016,,,,
Pagurus comptus,Mytilus edulis chilensis,Dunne2016,,,,
Hydrozoa,Nemertea,Dunne2016,,,,
Nemertea,Nemertea,Dunne2016,,,,
Glyceridae,Nereididae,Dunne2016,,,,
Nemertea,Nereididae,Dunne2016,,,,
Nereididae,Nereididae,Dunne2016,,,,
Gammaridea,Oligochaeta,Dunne2016,,,,
Nemertea,Oligochaeta,Dunne2016,,,,
Nereididae,Oligochaeta,Dunne2016,,,,
Euphausiacea,Ostracoda,Dunne2016,,,,
Gammaridea,Ostracoda,Dunne2016,,,,
Hydrozoa,Ostracoda,Dunne2016,,,,
Hyperiidea,Ostracoda,Dunne2016,,,,
Ophiuroidea,Ostracoda,Dunne2016,,,,
Pagurus comptus,Ostracoda,Dunne2016,,,,
Polynoidae,Ostracoda,Dunne2016,,,,
Copepoda,Phytoplankton,Dunne2016,,,,
Euphausiacea,Phytoplankton,Dunne2016,,,,
Gammaridea,Phytoplankton,Dunne2016,,,,
Laevilitorina caliginosa,Phytoplankton,Dunne2016,,,,
Laevilitorina caliginosa,Phytoplankton,Dunne2016,,,,
Mytilus edulis chilensis,Phytoplankton,Dunne2016,,,,
Notobalanus flosculus,Phytoplankton,Dunne2016,,,,
Ophiuroidea,Phytoplankton,Dunne2016,,,,
Ostracoda,Phytoplankton,Dunne2016,,,,
Pagurus comptus,Phytoplankton,Dunne2016,,,,
Polyplacophora,Phytoplankton,Dunne2016,,,,
Serpulidae,Phytoplankton,Dunne2016,,,,
Glyceridae,Polynoidae,Dunne2016,,,,
Glyceridae,Polynoidae,Dunne2016,,,,
Hydrozoa,Polynoidae,Dunne2016,,,,
Nemertea,Polynoidae,Dunne2016,,,,
Ophiuroidea,Polynoidae,Dunne2016,,,,
Polynoidae,Polynoidae,Dunne2016,,,,
Gammaridea,Polysiphonia sp.,Dunne2016,,,,
Laevilitorina caliginosa,Polysiphonia sp.,Dunne2016,,,,
Gammaridea,Porphyra sp.,Dunne2016,,,,
Laevilitorina caliginosa,Porphyra sp.,Dunne2016,,,,
Mytilus edulis chilensis,Serpulidae,Dunne2016,,,,
Nemertea,Terebellidae,Dunne2016,,,,
Polyplacophora,Ulva rigida,Dunne2016,,,,
Gammaridea,Ulva sp.,Dunne2016,,,,
Laevilitorina caliginosa,Ulva sp.,Dunne2016,,,,
Mytilus edulis chilensis,Ulva sp.,Dunne2016,,,,
Nereididae,Ulva sp.,Dunne2016,,,,
Siphonaria lessonii,Ulva sp.,Dunne2016,,,,
Terebellidae,Ulva sp.,Dunne2016,,,,
Euphausiacea,Zooplankton,Dunne2016,,,,
Hydrozoa,Zooplankton,Dunne2016,,,,
Hyperiidea,Zooplankton,Dunne2016,,,,
Laevilitorina caliginosa,Zooplankton,Dunne2016,,,,
Nereididae,Zooplankton,Dunne2016,,,,
Ophiuroidea,Zooplankton,Dunne2016,,,,
Ophiuroidea,Zooplankton,Dunne2016,,,,
Pagurus comptus,Zooplankton,Dunne2016,,,,
Gammaridea,Aged detritus,Filgueira2011,,,,
Mytilus edulis chilensis,Fresh detritus,Filgueira2011,,,,
Mytilus edulis chilensis,Fresh detritus,Filgueira2011,,,,
Gammaridea,Macroalgae,Filgueira2011,,,,
Gammaridea,Phytoplankton,Filgueira2011,,,,
Mytilus edulis chilensis,Phytoplankton,Filgueira2011,,,,
Amphipoda,Ulva sp.,Filgueira2011,,,,
Gammaridea,Ulva sp.,Filgueira2011,,,,
Patagonotothen ramsayi,Amphipoda,Fischer2019,,,,
Patagonotothen ramsayi,Crustacea,Fischer2019,,,,
Patagonotothen ramsayi,Polychaeta,Fischer2019,,,,
Pagurus comptus,Aged detritus,Gerlach1976,,,,
Pagurus comptus,Bivalvia,Gerlach1976,,,,
Pagurus comptus,Crustacea,Gerlach1976,,,,
Pagurus comptus,Necromass,Gerlach1976,,,,
Pagurus comptus,Polychaeta,Gerlach1976,,,,
Anasterias antarctica,Aulacomya atra,Gil2008,,,,
Anasterias antarctica,Halicarcinus planatus ,Gil2008,,,,
Anasterias antarctica,Mytilus edulis chilensis,Gil2008,,,,
Anasterias antarctica,Nacella magellanica,Gil2008,,,,
Anasterias antarctica,Pagurus comptus,Gil2008,,,,
Anasterias antarctica,Pareuthria fuscata,Gil2008,,,,
Anasterias antarctica,Perumytilus purpuratus,Gil2008,,,,
Anasterias antarctica,Tonicia sp.,Gil2008,,,,
Anasterias antarctica,Trophon geversianus,Gil2008,,,,
Pseudechinus magellanicus,Aged detritus,Gil2015,,,,
Pseudechinus magellanicus,Amphipoda,Gil2015,,,,
Pseudechinus magellanicus,Aulacomya atra,Gil2015,,,,
Pseudechinus magellanicus,Blidingia minima,Gil2015,,,,
Pseudechinus magellanicus,Bostrychia sp.,Gil2015,,,,
Pseudechinus magellanicus,Bryozoa,Gil2015,,,,
Pseudechinus magellanicus,Ceramium diaphanum,Gil2015,,,,
Pseudechinus magellanicus,Ceramium sp.,Gil2015,,,,
Pseudechinus magellanicus,Cladophora sp.,Gil2015,,,,
Pseudechinus magellanicus,Copepoda,Gil2015,,,,
Pseudechinus magellanicus,Delesseriaceae ,Gil2015,,,,
Pseudechinus magellanicus,Derbesia sp.,Gil2015,,,,
Pseudechinus magellanicus,Diatomea,Gil2015,,,,
Pseudechinus magellanicus,Ectocarpus sp.,Gil2015,,,,
Pseudechinus magellanicus,Exosphaeroma gigas,Gil2015,,,,
Pseudechinus magellanicus,Halicarcinus planatus ,Gil2015,,,,
Pseudechinus magellanicus,Hincksia sp.,Gil2015,,,,
Pseudechinus magellanicus,Hydrozoa,Gil2015,,,,
Pseudechinus magellanicus,Macrocystis pyrifera,Gil2015,,,,
Pseudechinus magellanicus,Membranipora isabelleana,Gil2015,,,,
Pseudechinus magellanicus,Mytilus edulis chilensis,Gil2015,,,,
Pseudechinus magellanicus,Pareuthria fuscata,Gil2015,,,,
Pseudechinus magellanicus,Perumytilus purpuratus,Gil2015,,,,
Pseudechinus magellanicus,Phytoplankton,Gil2015,,,,
Pseudechinus magellanicus,Polychaeta,Gil2015,,,,
Pseudechinus magellanicus,Polysiphonia sp.,Gil2015,,,,
Pseudechinus magellanicus,Porifera,Gil2015,,,,
Lithodes santolla,Pseudechinus magellanicus,Gil2015,,,,
Pseudechinus magellanicus,Pseudechinus magellanicus,Gil2015,,,,
Pseudechinus magellanicus,Rhizoclonium sp.,Gil2015,,,,
Pseudechinus magellanicus,Sphacelaria sp.,Gil2015,,,,
Pseudechinus magellanicus,Spirorbinae,Gil2015,,,,
Pseudechinus magellanicus,Ulothrix sp.,Gil2015,,,,
Pseudechinus magellanicus,Ulva sp.,Gil2015,,,,
Pseudechinus magellanicus,Zooplankton,Gil2015,,,,
Ascidiacea,Fresh detritus,Gili1998,,,,
Aulacomya atra,Fresh detritus,Gili1998,,,,
Hydrozoa,Fresh detritus,Gili1998,,,,
Porifera,Fresh detritus,Gili1998,,,,
Hydrozoa,Phytoplankton,Gili1998,,,,
Hydrozoa,Zooplankton,Gili1998,,,,
Hydrozoa,Diatomea,Gili2001,,,,
Hydrozoa,Fresh detritus,Gili2001,,,,
Ascidiacea,Phytoplankton,Gili2001,,,,
Bivalvia,Phytoplankton,Gili2001,,,,
Hydrozoa,Phytoplankton,Gili2001,,,,
Hydrozoa,Zooplankton,Gili2001,,,,
Nereididae,Aged detritus,Glynn1965,,,,
Chthamalus sp.,Diatomea,Glynn1965,,,,
Chthamalus sp.,Fresh detritus,Glynn1965,,,,
Nereididae,Fresh detritus,Glynn1965,,,,
Chthamalus sp.,Phytoplankton,Glynn1965,,,,
Fissurella picta,Macrocystis pyrifera,Godoy1989,,,,
Loxechinus albus,Halopteris sp.,Gonzales2008,,,,
Loxechinus albus,Ulva sp.,Gonzales2008,,,,
Loxechinus albus,Ulva sp.,Gonzales2008,,,,
Eleginops maclovinus,Amphipoda,Guzman1973,,,,
Eleginops maclovinus,Cladophora sp.,Guzman1973,,,,
Eleginops maclovinus,Copepoda,Guzman1973,,,,
Eleginops maclovinus,Ectocarpus sp.,Guzman1973,,,,
Eleginops maclovinus,Halicarcinus planatus ,Guzman1973,,,,
Eleginops maclovinus,Isopoda,Guzman1973,,,,
Eleginops maclovinus,Ostracoda,Guzman1973,,,,
Eleginops maclovinus,Polychaeta,Guzman1973,,,,
Eleginops maclovinus,Rhizoclonium sp.,Guzman1973,,,,
Eleginops maclovinus,Ulva sp.,Guzman1973,,,,
Eleginops maclovinus,Ulva sp.,Guzman1973,,,,
Eleginops maclovinus,Zooplankton,Guzman1973,,,,
Porifera,Diatomea,Ha2019,,,,
Terebellidae,Diatomea,Ha2019,,,,
Siphonaria lessonii,Phytoplankton,Häussermann2009,,,,
Fissurella picta,Ulva sp.,Häussermann2009,,,,
Crepipatella dilatata,Diatomea,Hentschel2008,,,,
Crepipatella dilatata,Fresh detritus,Hentschel2008,,,,
Crepipatella dilatata,Phytoplankton,Hentschel2008,,,,
Crepipatella dilatata,Zooplankton,Hentschel2008,,,,
Copepoda,Phytoplankton,Hopkins1987,,,,
Copepoda,Zooplankton,Hopkins1987,,,,
Congiopodus peruvianus,Crustacea,http://www2.udec.cl/~coyarzun/catalogo/Congiopodidae.htm,,,,
Congiopodus peruvianus,Zooplankton,http://www2.udec.cl/~coyarzun/catalogo/Congiopodidae.htm,,,,
Cephalopoda,Crustacea,https://www.globalbioticinteractions.org/?interactionType=interactsWith&sourceTaxon=Cephalopoda,,,,
Cephalopoda,Euphausiacea,https://www.globalbioticinteractions.org/?interactionType=interactsWith&sourceTaxon=Cephalopoda,,,,
Cephalopoda,Phytoplankton,https://www.globalbioticinteractions.org/?interactionType=interactsWith&sourceTaxon=Cephalopoda,,,,
Cephalopoda,Priapulida,https://www.globalbioticinteractions.org/?interactionType=interactsWith&sourceTaxon=Cephalopoda,,,,
Cephalopoda,Zooplankton,https://www.globalbioticinteractions.org/?interactionType=interactsWith&sourceTaxon=Cephalopoda,,,,
Stromateus brasiliensis,Copepoda,https://www.inidep.edu.ar/wordpress/?page_id=4445,,,,
Stromateus brasiliensis,Ctenophora,https://www.inidep.edu.ar/wordpress/?page_id=4445,,,,
Stromateus brasiliensis,Polychaeta,https://www.inidep.edu.ar/wordpress/?page_id=4445,,,,
Patagonotothen tessellata,Cirratulidae,Hune2010,,,,
Harpagifer bispinis,Nereididae,Hune2010,,,,
Patagonotothen cornucola,Nereididae,Hune2010,,,,
Patagonotothen cornucola,Nereididae,Hune2010,,,,
Patagonotothen tessellata,Nereididae,Hune2010,,,,
Patagonotothen cornucola,Polychaeta,Hune2010,,,,
Patagonotothen tessellata,Polychaeta,Hune2010,,,,
Harpagifer bispinis,Polynoidae,Hune2010,,,,
Patagonotothen cornucola,Polynoidae,Hune2010,,,,
Patagonotothen cornucola,Polynoidae,Hune2010,,,,
Patagonotothen tessellata,Polynoidae,Hune2010,,,,
Patagonotothen cornucola,Acanthocyclus albatrossis,Hune2016,,,,
Harpagifer bispinis,Amphipoda,Hune2016,,,,
Patagonotothen cornucola,Amphipoda,Hune2016,,,,
Patagonotothen cornucola,Ceramium sp.,Hune2016,,,,
Harpagifer bispinis,Cirripedia,Hune2016,,,,
Harpagifer bispinis,Copepoda,Hune2016,,,,
Patagonotothen cornucola,Copepoda,Hune2016,,,,
Harpagifer bispinis,Exosphaeroma gigas,Hune2016,,,,
Patagonotothen cornucola,Exosphaeroma gigas,Hune2016,,,,
Harpagifer bispinis,Gammaridea,Hune2016,,,,
Patagonotothen cornucola,Gammaridea,Hune2016,,,,
Patagonotothen cornucola,Mytilus edulis chilensis,Hune2016,,,,
Harpagifer bispinis,Nereididae,Hune2016,,,,
Patagonotothen cornucola,Nereididae,Hune2016,,,,
Harpagifer bispinis,Ostracoda,Hune2016,,,,
Patagonotothen cornucola,Ostracoda,Hune2016,,,,
Patagonotothen cornucola,Polychaeta,Hune2016,,,,
Harpagifer bispinis,Polynoidae,Hune2016,,,,
Patagonotothen cornucola,Polynoidae,Hune2016,,,,
Patagonotothen cornucola,Polysiphonia sp.,Hune2016,,,,
Patagonotothen cornucola,Porphyra sp.,Hune2016,,,,
Patagonotothen cornucola,Rhizoclonium sp.,Hune2016,,,,
Patagonotothen cornucola,Tanaidacea,Hune2016,,,,
Champsocephalus esox,Copepoda,Isla1993,,,,
Champsocephalus esox,Munida gregaria,Isla1993,,,,
Champsocephalus esox,Patagonotothen longipes,Isla1993,,,,
Champsocephalus esox,Patagonotothen sima,Isla1993,,,,
Champsocephalus esox,Patagonotothen tessellata,Isla1993,,,,
Myxine glutinosa,Crustacea,Jorgensen1998,,,,
Myxine glutinosa,Necromass,Jorgensen1998,,,,
Myxine glutinosa,Nemertea,Jorgensen1998,,,,
Myxine glutinosa,Polychaeta,Jorgensen1998,,,,
Myxine glutinosa,Priapulida,Jorgensen1998,,,,
Cirratulidae,Aged detritus,Jumars1979,,,,
Glyceridae,Aged detritus,Jumars1979,,,,
Nereididae,Aged detritus,Jumars1979,,,,
Terebellidae,Aged detritus,Jumars1979,,,,
Polynoidae,Copepoda,Jumars1979,,,,
Polynoidae,Crustacea,Jumars1979,,,,
Nereididae,Diatomea,Jumars1979,,,,
Terebellidae,Diatomea,Jumars1979,,,,
Nereididae,Fresh detritus,Jumars1979,,,,
Serpulidae,Fresh detritus,Jumars1979,,,,
Spirorbinae,Fresh detritus,Jumars1979,,,,
Terebellidae,Fresh detritus,Jumars1979,,,,
Polynoidae,Gastropoda,Jumars1979,,,,
Polynoidae,Hydrozoa,Jumars1979,,,,
Polynoidae,Polychaeta,Jumars1979,,,,
Polynoidae,Porifera,Jumars1979,,,,
Terebellidae,Zooplankton,Jumars1979,,,,
Raja (Dipturus) chilensis,Amphipoda,Koen2001,,,,
Raja (Dipturus) chilensis,Arbacia dufresnii,Koen2001,,,,
Raja (Dipturus) chilensis,Cephalopoda,Koen2001,,,,
Raja (Dipturus) chilensis,Congiopodus peruvianus,Koen2001,,,,
Raja (Dipturus) chilensis,Eurypodius latreillii,Koen2001,,,,
Raja (Dipturus) chilensis,Genypterus blacodes,Koen2001,,,,
Raja (Dipturus) chilensis,Isopoda,Koen2001,,,,
Raja (Dipturus) chilensis,Macruronus magellanicus,Koen2001,,,,
Raja (Dipturus) chilensis,Merluccius hubbsi,Koen2001,,,,
Raja (Dipturus) chilensis,Munida gregaria,Koen2001,,,,
Raja (Dipturus) chilensis,Myxine glutinosa,Koen2001,,,,
Raja (Dipturus) chilensis,Patagonotothen ramsayi,Koen2001,,,,
Raja (Dipturus) chilensis,Peltarion spinosulum,Koen2001,,,,
Raja (Dipturus) chilensis,Polychaeta,Koen2001,,,,
Raja (Dipturus) chilensis,Raja (Dipturus) chilensis,Koen2001,,,,
Raja (Dipturus) chilensis,Stromateus brasiliensis,Koen2001,,,,
Careproctus pallidus,Amphipoda,Kortsch2015,,,,
Careproctus pallidus,Careproctus pallidus,Kortsch2015,,,,
Hydrozoa,Fresh detritus,Kortsch2015,,,,
Ostracoda,Fresh detritus,Kortsch2015,,,,
Ostracoda,Zooplankton,Kortsch2015,,,,
Polynoidae,Bryozoa,Kortsch2018,,,,
Bryozoa,Fresh detritus,Kortsch2018,,,,
Membranipora isabelleana,Fresh detritus,Kortsch2018,,,,
Polynoidae,Gammaridea,Kortsch2018,,,,
Polynoidae,Ostracoda,Kortsch2018,,,,
Bryozoa,Phytoplankton,Kortsch2018,,,,
Membranipora isabelleana,Phytoplankton,Kortsch2018,,,,
Polynoidae,Polychaeta,Kortsch2018,,,,
Polynoidae,Porifera,Kortsch2018,,,,
Priapulida,Nereididae,Lang1948,,,,
Schroederichthys bivius,Amphipoda,Laptikhovsky2001,,,,
Schroederichthys bivius,Campylonotus vagans,Laptikhovsky2001,,,,
Schroederichthys bivius,Cephalopoda,Laptikhovsky2001,,,,
Schroederichthys bivius,Crustacea,Laptikhovsky2001,,,,
Schroederichthys bivius,Euphausiacea,Laptikhovsky2001,,,,
Schroederichthys bivius,Eurypodius latreillii,Laptikhovsky2001,,,,
Schroederichthys bivius,Isopoda,Laptikhovsky2001,,,,
Schroederichthys bivius,Macroalgae,Laptikhovsky2001,,,,
Schroederichthys bivius,Munida gregaria,Laptikhovsky2001,,,,
Schroederichthys bivius,Necromass,Laptikhovsky2001,,,,
Schroederichthys bivius,Nemertea,Laptikhovsky2001,,,,
Schroederichthys bivius,Ophiuroidea,Laptikhovsky2001,,,,
Schroederichthys bivius,Patagonotothen ramsayi,Laptikhovsky2001,,,,
Schroederichthys bivius,Peltarion spinosulum,Laptikhovsky2001,,,,
Schroederichthys bivius,Polychaeta,Laptikhovsky2001,,,,
Schroederichthys bivius,Priapulida,Laptikhovsky2001,,,,
Schroederichthys bivius,Sprattus fuegensis,Laptikhovsky2001,,,,
Cottoperca gobio,Amphipoda,Laptikhovsky2003,,,,
Patagonotothen ramsayi,Amphipoda,Laptikhovsky2003,,,,
Cottoperca gobio,Bathyraja albomaculata,Laptikhovsky2003,,,,
Cottoperca gobio,Bathyraja brachyurops,Laptikhovsky2003,,,,
Patagonotothen ramsayi,Bivalvia,Laptikhovsky2003,,,,
Patagonotothen ramsayi,Campylonotus vagans,Laptikhovsky2003,,,,
Cottoperca gobio,Cephalopoda,Laptikhovsky2003,,,,
Patagonotothen ramsayi,Cephalopoda,Laptikhovsky2003,,,,
Patagonotothen ramsayi,Copepoda,Laptikhovsky2003,,,,
Cottoperca gobio,Cottoperca gobio,Laptikhovsky2003,,,,
Cottoperca gobio,Dissostichus eleginoides,Laptikhovsky2003,,,,
Cottoperca gobio,Euphausiacea,Laptikhovsky2003,,,,
Patagonotothen ramsayi,Euphausiacea,Laptikhovsky2003,,,,
Cottoperca gobio,Gastropoda,Laptikhovsky2003,,,,
Patagonotothen ramsayi,Gastropoda,Laptikhovsky2003,,,,
Patagonotothen ramsayi,Holothuroidea,Laptikhovsky2003,,,,
Cottoperca gobio,Isopoda,Laptikhovsky2003,,,,
Patagonotothen ramsayi,Isopoda,Laptikhovsky2003,,,,
Cottoperca gobio,Macruronus magellanicus,Laptikhovsky2003,,,,
Cottoperca gobio,Munida gregaria,Laptikhovsky2003,,,,
Patagonotothen ramsayi,Munida gregaria,Laptikhovsky2003,,,,
Cottoperca gobio,Necromass,Laptikhovsky2003,,,,
Patagonotothen ramsayi,Necromass,Laptikhovsky2003,,,,
Cottoperca gobio,Ophiuroidea,Laptikhovsky2003,,,,
Patagonotothen ramsayi,Ophiuroidea,Laptikhovsky2003,,,,
Patagonotothen ramsayi,Pagurus comptus,Laptikhovsky2003,,,,
Cottoperca gobio,Patagonotothen ramsayi,Laptikhovsky2003,,,,
Patagonotothen ramsayi,Patagonotothen ramsayi,Laptikhovsky2003,,,,
Cottoperca gobio,Patagonotothen tessellata,Laptikhovsky2003,,,,
Cottoperca gobio,Peltarion spinosulum,Laptikhovsky2003,,,,
Patagonotothen ramsayi,Peltarion spinosulum,Laptikhovsky2003,,,,
Cottoperca gobio,Polychaeta,Laptikhovsky2003,,,,
Patagonotothen ramsayi,Polychaeta,Laptikhovsky2003,,,,
Cottoperca gobio,Salilota australis,Laptikhovsky2003,,,,
Cottoperca gobio,Sprattus fuegensis,Laptikhovsky2003,,,,
Patagonotothen ramsayi,Amphipoda,Laptikhovsky2004,,,,
Patagonotothen sp.,Amphipoda,Laptikhovsky2004,,,,
Patagonotothen tessellata,Amphipoda,Laptikhovsky2004,,,,
Patagonotothen ramsayi,Cephalopoda,Laptikhovsky2004,,,,
Patagonotothen tessellata,Cephalopoda,Laptikhovsky2004,,,,
Patagonotothen ramsayi,Copepoda,Laptikhovsky2004,,,,
Patagonotothen sp.,Copepoda,Laptikhovsky2004,,,,
Patagonotothen ramsayi,Crustacea,Laptikhovsky2004,,,,
Patagonotothen ramsayi,Euphausiacea,Laptikhovsky2004,,,,
Patagonotothen tessellata,Euphausiacea,Laptikhovsky2004,,,,
Patagonotothen ramsayi,Eurypodius latreillii,Laptikhovsky2004,,,,
Patagonotothen ramsayi,Gastropoda,Laptikhovsky2004,,,,
Patagonotothen tessellata,Gastropoda,Laptikhovsky2004,,,,
Patagonotothen ramsayi,Isopoda,Laptikhovsky2004,,,,
Patagonotothen sp.,Isopoda,Laptikhovsky2004,,,,
Patagonotothen tessellata,Isopoda,Laptikhovsky2004,,,,
Patagonotothen ramsayi,Munida gregaria,Laptikhovsky2004,,,,
Patagonotothen sp.,Munida gregaria,Laptikhovsky2004,,,,
Patagonotothen tessellata,Munida gregaria,Laptikhovsky2004,,,,
Patagonotothen ramsayi,Ophiuroidea,Laptikhovsky2004,,,,
Patagonotothen tessellata,Ophiuroidea,Laptikhovsky2004,,,,
Patagonotothen ramsayi,Patagonotothen tessellata,Laptikhovsky2004,,,,
Patagonotothen ramsayi,Polychaeta,Laptikhovsky2004,,,,
Patagonotothen sp.,Polychaeta,Laptikhovsky2004,,,,
Patagonotothen tessellata,Polychaeta,Laptikhovsky2004,,,,
Patagonotothen sp.,Zooplankton,Laptikhovsky2004,,,,
Patagonotothen ramsayi,Zygochlamys patagonica,Laptikhovsky2004,,,,
Patagonotothen tessellata,Zygochlamys patagonica,Laptikhovsky2004,,,,
Bathyraja albomaculata,Cephalopoda,Laptikhovsky2010,,,,
Bathyraja brachyurops,Cephalopoda,Laptikhovsky2010,,,,
Bathyraja griseocauda,Cephalopoda,Laptikhovsky2010,,,,
Bathyraja scaphiops,Cephalopoda,Laptikhovsky2010,,,,
Champsocephalus esox,Cephalopoda,Laptikhovsky2010,,,,
Cottoperca gobio,Cephalopoda,Laptikhovsky2010,,,,
Dissostichus eleginoides,Cephalopoda,Laptikhovsky2010,,,,
Genypterus blacodes,Cephalopoda,Laptikhovsky2010,,,,
Macruronus magellanicus,Cephalopoda,Laptikhovsky2010,,,,
Merluccius hubbsi,Cephalopoda,Laptikhovsky2010,,,,
Patagonotothen ramsayi,Cephalopoda,Laptikhovsky2010,,,,
Patagonotothen ramsayi,Cephalopoda,Laptikhovsky2010,,,,
Patagonotothen tessellata,Cephalopoda,Laptikhovsky2010,,,,
Salilota australis,Cephalopoda,Laptikhovsky2010,,,,
Schroederichthys bivius,Cephalopoda,Laptikhovsky2010,,,,
Schroederichthys bivius,Cephalopoda,Laptikhovsky2010,,,,
Anasterias antarctica,Acanthocyclus albatrossis,Laptikhovsky2015,,,,
Anasterias antarctica,Amphipoda,Laptikhovsky2015,,,,
Anasterias antarctica,Anasterias antarctica,Laptikhovsky2015,,,,
Anasterias antarctica,Ascidiacea,Laptikhovsky2015,,,,
Anasterias antarctica,Aulacomya atra,Laptikhovsky2015,,,,
Anasterias antarctica,Bivalvia,Laptikhovsky2015,,,,
Anasterias antarctica,Calliostoma nudum,Laptikhovsky2015,,,,
Anasterias antarctica,Crepipatella dilatata,Laptikhovsky2015,,,,
Anasterias antarctica,Eurhomalea exalbida,Laptikhovsky2015,,,,
Anasterias antarctica,Eurypodius latreillii,Laptikhovsky2015,,,,
Anasterias antarctica,Fissurella oriens,Laptikhovsky2015,,,,
Anasterias antarctica,Fissurella picta,Laptikhovsky2015,,,,
Anasterias antarctica,Gaimardia trapesina,Laptikhovsky2015,,,,
Anasterias antarctica,Gastropoda,Laptikhovsky2015,,,,
Anasterias antarctica,Halicarcinus planatus ,Laptikhovsky2015,,,,
Anasterias antarctica,Isopoda,Laptikhovsky2015,,,,
Anasterias antarctica,Nacella deaurata,Laptikhovsky2015,,,,
Anasterias antarctica,Nacella magellanica,Laptikhovsky2015,,,,
Anasterias antarctica,Nacella mytilina,Laptikhovsky2015,,,,
Anasterias antarctica,Necromass,Laptikhovsky2015,,,,
Anasterias antarctica,Notochthamalus scabrosus ,Laptikhovsky2015,,,,
Anasterias antarctica,Pagurus comptus,Laptikhovsky2015,,,,
Anasterias antarctica,Pareuthria fuscata,Laptikhovsky2015,,,,
Anasterias antarctica,Perumytilus purpuratus,Laptikhovsky2015,,,,
Anasterias antarctica,Polychaeta,Laptikhovsky2015,,,,
Anasterias antarctica,Siphonaria lessonii,Laptikhovsky2015,,,,
Anasterias antarctica,Spirorbinae,Laptikhovsky2015,,,,
Anasterias antarctica,Tonicia sp.,Laptikhovsky2015,,,,
Anasterias antarctica,Trophon geversianus,Laptikhovsky2015,,,,
Anasterias antarctica,Xymenopsis muriciformis ,Laptikhovsky2015,,,,
Odontesthes nigricans,Amphipoda,Lattuca2015,,,,
Odontesthes nigricans,Bivalvia,Lattuca2015,,,,
Odontesthes nigricans,Copepoda,Lattuca2015,,,,
Odontesthes nigricans,Euphausiacea,Lattuca2015,,,,
Odontesthes nigricans,Gastropoda,Lattuca2015,,,,
Odontesthes nigricans,Isopoda,Lattuca2015,,,,
Odontesthes nigricans,Polychaeta,Lattuca2015,,,,
Calliostoma nudum,Macroalgae,Linse1999,,,,
Cottoperca gobio,Amphipoda,Lloris1991,,,,
Eleginops maclovinus,Amphipoda,Lloris1991,,,,
Myxine glutinosa,Bivalvia,Lloris1991,,,,
Dissostichus eleginoides,Cephalopoda,Lloris1991,,,,
Genypterus blacodes,Cephalopoda,Lloris1991,,,,
Merluccius hubbsi,Cephalopoda,Lloris1991,,,,
Genypterus blacodes,Crustacea,Lloris1991,,,,
Macruronus magellanicus,Euphausiacea,Lloris1991,,,,
Merluccius hubbsi,Euphausiacea,Lloris1991,,,,
Myxine glutinosa,Gastropoda,Lloris1991,,,,
Cottoperca gobio,Halicarcinus planatus ,Lloris1991,,,,
Austrolycus depressiceps,Harpagifer bispinis,Lloris1991,,,,
Merluccius hubbsi,Holothuroidea,Lloris1991,,,,
Cottoperca gobio,Macroalgae,Lloris1991,,,,
Eleginops maclovinus,Macroalgae,Lloris1991,,,,
Merluccius hubbsi,Macruronus magellanicus,Lloris1991,,,,
Merluccius hubbsi,Merluccius hubbsi,Lloris1991,,,,
Champsocephalus esox,Munida gregaria,Lloris1991,,,,
Cottoperca gobio,Munida gregaria,Lloris1991,,,,
Merluccius hubbsi,Munida gregaria,Lloris1991,,,,
Merluccius hubbsi,Ophiuroidea,Lloris1991,,,,
Cottoperca gobio,Paranotothenia magellanica,Lloris1991,,,,
Cottoperca gobio,Patagonotothen brevicauda brevicauda,Lloris1991,,,,
Austrolycus depressiceps,Patagonotothen cornucola,Lloris1991,,,,
Cottoperca gobio,Patagonotothen longipes,Lloris1991,,,,
Cottoperca gobio,Patagonotothen sima,Lloris1991,,,,
Champsocephalus esox,Patagonotothen tessellata,Lloris1991,,,,
Cottoperca gobio,Patagonotothen tessellata,Lloris1991,,,,
Eleginops maclovinus,Polychaeta,Lloris1991,,,,
Myxine glutinosa,Polychaeta,Lloris1991,,,,
Merluccius hubbsi,Porifera,Lloris1991,,,,
Merluccius hubbsi,Salilota australis,Lloris1991,,,,
Macruronus magellanicus,Sprattus fuegensis,Lloris1991,,,,
Merluccius hubbsi,Sprattus fuegensis,Lloris1991,,,,
Merluccius hubbsi,Stromateus brasiliensis,Lloris1991,,,,
Lithodes santolla,Necromass,Lovrich2016,,,,
Raja (Dipturus) chilensis,Cephalopoda,Lucifora2000,,,,
Raja (Dipturus) chilensis,Crustacea,Lucifora2000,,,,
Raja (Dipturus) chilensis,Genypterus blacodes,Lucifora2000,,,,
Raja (Dipturus) chilensis,Isopoda,Lucifora2000,,,,
Raja (Dipturus) chilensis,Merluccius hubbsi,Lucifora2000,,,,
Raja (Dipturus) chilensis,Patagonotothen ramsayi,Lucifora2000,,,,
Eleginops maclovinus,Amphipoda,Martin2008,,,,
Eleginops maclovinus,Cumacea,Martin2008,,,,
Eleginops maclovinus,Delesseriaceae ,Martin2008,,,,
Eleginops maclovinus,Gammaridea,Martin2008,,,,
Eleginops maclovinus,Isopoda,Martin2008,,,,
Eleginops maclovinus,Nemertea,Martin2008,,,,
Eleginops maclovinus,Nereididae,Martin2008,,,,
Eleginops maclovinus,Ophiuroidea,Martin2008,,,,
Eleginops maclovinus,Ostracoda,Martin2008,,,,
Eleginops maclovinus,Patagonotothen cornucola,Martin2008,,,,
Eleginops maclovinus,Peltarion spinosulum,Martin2008,,,,
Eleginops maclovinus,Polychaeta,Martin2008,,,,
Eleginops maclovinus,Polynoidae,Martin2008,,,,
Eleginops maclovinus,Priapulida,Martin2008,,,,
Eleginops maclovinus,Tanaidacea,Martin2008,,,,
Eleginops maclovinus,Terebellidae,Martin2008,,,,
Eleginops maclovinus,Ulva sp.,Martin2008,,,,
Eleginops maclovinus,Ulva sp.,Martin2008,,,,
Eleginops maclovinus,Zooplankton,Martin2008,,,,
Austrolycus depressiceps,Amphipoda,Matallanas1988,,,,
Eleginops maclovinus,Amphipoda,Matallanas1988,,,,
Paranotothenia magellanica,Amphipoda,Matallanas1988,,,,
Patagonotothen tessellata,Amphipoda,Matallanas1988,,,,
Cottoperca gobio,Harpagifer bispinis,Matallanas1988,,,,
Paranotothenia magellanica,Isopoda,Matallanas1988,,,,
Patagonotothen cornucola,Isopoda,Matallanas1988,,,,
Patagonotothen tessellata,Isopoda,Matallanas1988,,,,
Paranotothenia magellanica,Macroalgae,Matallanas1988,,,,
Austrolycus depressiceps,Polychaeta,Matallanas1988,,,,
Paranotothenia magellanica,Polychaeta,Matallanas1988,,,,
Schroederichthys bivius,Amphipoda,Matallanas1993,,,,
Schroederichthys bivius,Champsocephalus esox,Matallanas1993,,,,
Schroederichthys bivius,Cirripedia,Matallanas1993,,,,
Schroederichthys bivius,Echiura,Matallanas1993,,,,
Schroederichthys bivius,Isopoda,Matallanas1993,,,,
Schroederichthys bivius,Macroalgae,Matallanas1993,,,,
Schroederichthys bivius,Munida gregaria,Matallanas1993,,,,
Schroederichthys bivius,Polychaeta,Matallanas1993,,,,
Schroederichthys bivius,Porifera,Matallanas1993,,,,
Schroederichthys bivius,Priapulida,Matallanas1993,,,,
Schroederichthys bivius,Priapulida,Matallanas1993,,,,
Euphausiacea,Phytoplankton,Mauchline1979,,,,
Glabraster antarctica,Bryozoa,McClintock1994,,,,
Glabraster antarctica,Diatomea,McClintock1994,,,,
Glabraster antarctica,Fresh detritus,McClintock1994,,,,
Holothuroidea,Fresh detritus,McClintock1994,,,,
Glabraster antarctica,Necromass,McClintock1994,,,,
Glabraster antarctica,Phytoplankton,McClintock1994,,,,
Glabraster antarctica,Porifera,McClintock1994,,,,
Macruronus magellanicus,Ctenophora,Mianzan1996,,,,
Patagonotothen ramsayi,Ctenophora,Mianzan1996,,,,
Salilota australis,Ctenophora,Mianzan1996,,,,
Stromateus brasiliensis,Ctenophora,Mianzan1996,,,,
Sprattus fuegensis,Amphipoda,Montecinos2015,,,,
Sprattus fuegensis,Copepoda,Montecinos2015,,,,
Sprattus fuegensis,Diatomea,Montecinos2015,,,,
Sprattus fuegensis,Euphausiacea,Montecinos2015,,,,
Sprattus fuegensis,Isopoda,Montecinos2015,,,,
Sprattus fuegensis,Phytoplankton,Montecinos2015,,,,
Sprattus fuegensis,Zooplankton,Montecinos2015,,,,
Cottoperca gobio,Amphipoda,Moreno1984,,,,
Paranotothenia magellanica,Amphipoda,Moreno1984,,,,
Patagonotothen brevicauda brevicauda,Amphipoda,Moreno1984,,,,
Patagonotothen cornucola,Amphipoda,Moreno1984,,,,
Patagonotothen longipes,Amphipoda,Moreno1984,,,,
Patagonotothen sima,Amphipoda,Moreno1984,,,,
Patagonotothen tessellata,Amphipoda,Moreno1984,,,,
Paranotothenia magellanica,Bryozoa,Moreno1984,,,,
Paranotothenia magellanica,Cephalopoda,Moreno1984,,,,
Paranotothenia magellanica,Copepoda,Moreno1984,,,,
Patagonotothen brevicauda brevicauda,Copepoda,Moreno1984,,,,
Patagonotothen cornucola,Copepoda,Moreno1984,,,,
Patagonotothen longipes,Copepoda,Moreno1984,,,,
Patagonotothen sima,Copepoda,Moreno1984,,,,
Patagonotothen tessellata,Copepoda,Moreno1984,,,,
Patagonotothen tessellata,Copepoda,Moreno1984,,,,
Paranotothenia magellanica,Eurypodius latreillii,Moreno1984,,,,
Harpagifer bispinis,Exosphaeroma gigas,Moreno1984,,,,
Paranotothenia magellanica,Exosphaeroma gigas,Moreno1984,,,,
Patagonotothen cornucola,Exosphaeroma gigas,Moreno1984,,,,
Patagonotothen longipes,Exosphaeroma gigas,Moreno1984,,,,
Patagonotothen tessellata,Exosphaeroma gigas,Moreno1984,,,,
Patagonotothen cornucola,Gastropoda,Moreno1984,,,,
Patagonotothen tessellata,Gastropoda,Moreno1984,,,,
Cottoperca gobio,Halicarcinus planatus ,Moreno1984,,,,
Patagonotothen brevicauda brevicauda,Halicarcinus planatus ,Moreno1984,,,,
Patagonotothen cornucola,Halicarcinus planatus ,Moreno1984,,,,
Patagonotothen longipes,Halicarcinus planatus ,Moreno1984,,,,
Paranotothenia magellanica,Hydrozoa,Moreno1984,,,,
Patagonotothen cornucola,Hydrozoa,Moreno1984,,,,
Patagonotothen tessellata,Hydrozoa,Moreno1984,,,,
Paranotothenia magellanica,Isopoda,Moreno1984,,,,
Patagonotothen cornucola,Isopoda,Moreno1984,,,,
Patagonotothen longipes,Isopoda,Moreno1984,,,,
Patagonotothen sima,Isopoda,Moreno1984,,,,
Patagonotothen tessellata,Isopoda,Moreno1984,,,,
Champsocephalus esox,Munida gregaria,Moreno1984,,,,
Cottoperca gobio,Munida gregaria,Moreno1984,,,,
Paranotothenia magellanica,Munida gregaria,Moreno1984,,,,
Patagonotothen brevicauda brevicauda,Munida gregaria,Moreno1984,,,,
Patagonotothen cornucola,Munida gregaria,Moreno1984,,,,
Patagonotothen longipes,Munida gregaria,Moreno1984,,,,
Patagonotothen sima,Munida gregaria,Moreno1984,,,,
Patagonotothen tessellata,Munida gregaria,Moreno1984,,,,
Patagonotothen cornucola,Ostracoda,Moreno1984,,,,
Cottoperca gobio,Paranotothenia magellanica,Moreno1984,,,,
Cottoperca gobio,Patagonotothen brevicauda brevicauda,Moreno1984,,,,
Patagonotothen brevicauda brevicauda,Patagonotothen cornucola,Moreno1984,,,,
Cottoperca gobio,Patagonotothen longipes,Moreno1984,,,,
Champsocephalus esox,Patagonotothen sima,Moreno1984,,,,
Cottoperca gobio,Patagonotothen sima,Moreno1984,,,,
Champsocephalus esox,Patagonotothen tessellata,Moreno1984,,,,
Cottoperca gobio,Patagonotothen tessellata,Moreno1984,,,,
Paranotothenia magellanica,Polychaeta,Moreno1984,,,,
Patagonotothen brevicauda brevicauda,Polychaeta,Moreno1984,,,,
Patagonotothen cornucola,Polychaeta,Moreno1984,,,,
Patagonotothen longipes,Polychaeta,Moreno1984,,,,
Patagonotothen sima,Polychaeta,Moreno1984,,,,
Patagonotothen tessellata,Polychaeta,Moreno1984,,,,
Patagonotothen longipes,Amphipoda,Murillo2002,,,,
Patagonotothen longipes,Euphausiacea,Murillo2002,,,,
Patagonotothen longipes,Mytilus edulis chilensis,Murillo2002,,,,
Patagonotothen longipes,Nereididae,Murillo2002,,,,
Patagonotothen longipes,Ostracoda,Murillo2002,,,,
Patagonotothen longipes,Porphyra sp.,Murillo2002,,,,
Sprattus fuegensis,Amphipoda,Neira2014,,,,
Sprattus fuegensis,Copepoda,Neira2014,,,,
Sprattus fuegensis,Diatomea,Neira2014,,,,
Sprattus fuegensis,Euphausiacea,Neira2014,,,,
Sprattus fuegensis,Isopoda,Neira2014,,,,
Sprattus fuegensis,Ostracoda,Neira2014,,,,
Sprattus fuegensis,Phytoplankton,Neira2014,,,,
Sprattus fuegensis,Zooplankton,Neira2014,,,,
Genypterus blacodes,Amphipoda,Nyegaard2004,,,,
Genypterus blacodes,Ascidiacea,Nyegaard2004,,,,
Genypterus blacodes,Aulacomya atra,Nyegaard2004,,,,
Genypterus blacodes,Bathyraja albomaculata,Nyegaard2004,,,,
Genypterus blacodes,Bathyraja brachyurops,Nyegaard2004,,,,
Genypterus blacodes,Bathyraja scaphiops,Nyegaard2004,,,,
Genypterus blacodes,Bivalvia,Nyegaard2004,,,,
Genypterus blacodes,Bryozoa,Nyegaard2004,,,,
Genypterus blacodes,Campylonotus vagans,Nyegaard2004,,,,
Genypterus blacodes,Cephalopoda,Nyegaard2004,,,,
Genypterus blacodes,Copepoda,Nyegaard2004,,,,
Genypterus blacodes,Cottoperca gobio,Nyegaard2004,,,,
Genypterus blacodes,Dissostichus eleginoides,Nyegaard2004,,,,
Genypterus blacodes,Euphausiacea,Nyegaard2004,,,,
Genypterus blacodes,Genypterus blacodes,Nyegaard2004,,,,
Genypterus blacodes,Holothuroidea,Nyegaard2004,,,,
Genypterus blacodes,Hydrozoa,Nyegaard2004,,,,
Genypterus blacodes,Isopoda,Nyegaard2004,,,,
Genypterus blacodes,Merluccius hubbsi,Nyegaard2004,,,,
Genypterus blacodes,Munida gregaria,Nyegaard2004,,,,
Genypterus blacodes,Ophiuroidea,Nyegaard2004,,,,
Genypterus blacodes,Patagonotothen ramsayi,Nyegaard2004,,,,
Genypterus blacodes,Polychaeta,Nyegaard2004,,,,
Genypterus blacodes,Porifera,Nyegaard2004,,,,
Genypterus blacodes,Salilota australis,Nyegaard2004,,,,
Genypterus blacodes,Stromateus brasiliensis,Nyegaard2004,,,,
Genypterus blacodes,Zygochlamys patagonica,Nyegaard2004,,,,
Macruronus magellanicus,Cephalopoda,Padovani2012,,,,
Merluccius hubbsi,Cephalopoda,Padovani2012,,,,
Patagonotothen ramsayi,Cephalopoda,Padovani2012,,,,
Macruronus magellanicus,Euphausiacea,Padovani2012,,,,
Merluccius hubbsi,Euphausiacea,Padovani2012,,,,
Patagonotothen ramsayi,Euphausiacea,Padovani2012,,,,
Patagonotothen ramsayi,Gammaridea,Padovani2012,,,,
Macruronus magellanicus,Hyperiidea,Padovani2012,,,,
Merluccius hubbsi,Hyperiidea,Padovani2012,,,,
Patagonotothen ramsayi,Hyperiidea,Padovani2012,,,,
Salilota australis,Hyperiidea,Padovani2012,,,,
Patagonotothen ramsayi,Isopoda,Padovani2012,,,,
Macruronus magellanicus,Munida gregaria,Padovani2012,,,,
Merluccius hubbsi,Munida gregaria,Padovani2012,,,,
Patagonotothen ramsayi,Munida gregaria,Padovani2012,,,,
Macruronus magellanicus,Patagonotothen ramsayi,Padovani2012,,,,
Merluccius hubbsi,Patagonotothen ramsayi,Padovani2012,,,,
Patagonotothen ramsayi,Patagonotothen ramsayi,Padovani2012,,,,
Patagonotothen ramsayi,Polychaeta,Padovani2012,,,,
Macruronus magellanicus,Sprattus fuegensis,Padovani2012,,,,
Merluccius hubbsi,Sprattus fuegensis,Padovani2012,,,,
Patagonotothen ramsayi,Sprattus fuegensis,Padovani2012,,,,
Macruronus magellanicus,Zooplankton,Padovani2012,,,,
Merluccius hubbsi,Zooplankton,Padovani2012,,,,
Patagonotothen ramsayi,Zooplankton,Padovani2012,,,,
Hyperiidea,Copepoda,Pakhomov1996,,,,
Hyperiidea,Euphausiacea,Pakhomov1996,,,,
Hyperiidea,Zooplankton,Pakhomov1996,,,,
Cosmasterias lurida,Loxechinus albus,ParedesRuiz2010,,,,
Loxechinus albus,Macrocystis pyrifera,ParedesRuiz2010,,,,
Loxechinus albus,Ulva sp.,ParedesRuiz2010,,,,
Tanaidacea,Aged detritus,Pasotti2015,,,,
Arbacia dufresnii,Amphipoda,Penchaszadeh1999,,,,
Arbacia dufresnii,Aulacomya atra,Penchaszadeh1999,,,,
Arbacia dufresnii,Bivalvia,Penchaszadeh1999,,,,
Arbacia dufresnii,Bryozoa,Penchaszadeh1999,,,,
Arbacia dufresnii,Copepoda,Penchaszadeh1999,,,,
Arbacia dufresnii,Cumacea,Penchaszadeh1999,,,,
Arbacia dufresnii,Diatomea,Penchaszadeh1999,,,,
Arbacia dufresnii,Gaimardia trapesina,Penchaszadeh1999,,,,
Arbacia dufresnii,Gastropoda,Penchaszadeh1999,,,,
Arbacia dufresnii,Isopoda,Penchaszadeh1999,,,,
Arbacia dufresnii,Macroalgae,Penchaszadeh1999,,,,
Arbacia dufresnii,Margarella violacea,Penchaszadeh1999,,,,
Arbacia dufresnii,Membranipora isabelleana,Penchaszadeh1999,,,,
Arbacia dufresnii,Mytilus edulis chilensis,Penchaszadeh1999,,,,
Arbacia dufresnii,Ostracoda,Penchaszadeh1999,,,,
Arbacia dufresnii,Phytoplankton,Penchaszadeh1999,,,,
Arbacia dufresnii,Polychaeta,Penchaszadeh1999,,,,
Arbacia dufresnii,Spirorbinae,Penchaszadeh1999,,,,
Arbacia dufresnii,Zooplankton,Penchaszadeh1999,,,,
Pseudechinus magellanicus,Amphipoda,Penchaszadeh2004,,,,
Pseudechinus magellanicus,Aulacomya atra,Penchaszadeh2004,,,,
Pseudechinus magellanicus,Bivalvia,Penchaszadeh2004,,,,
Pseudechinus magellanicus,Bryozoa,Penchaszadeh2004,,,,
Pseudechinus magellanicus,Cumacea,Penchaszadeh2004,,,,
Pseudechinus magellanicus,Ectocarpus sp.,Penchaszadeh2004,,,,
Pseudechinus magellanicus,Mytilus edulis chilensis,Penchaszadeh2004,,,,
Pseudechinus magellanicus,Ostracoda,Penchaszadeh2004,,,,
Pseudechinus magellanicus,Polychaeta,Penchaszadeh2004,,,,
Pseudechinus magellanicus,Spirorbinae,Penchaszadeh2004,,,,
Pseudechinus magellanicus,Zooplankton,Penchaszadeh2004,,,,
Munida gregaria,Amphipoda,PerezBarros2010,,,,
Munida gregaria,Ballia sp.,PerezBarros2010,,,,
Munida gregaria,Bivalvia,PerezBarros2010,,,,
Munida gregaria,Cladophora sp.,PerezBarros2010,,,,
Munida gregaria,Crustacea,PerezBarros2010,,,,
Munida gregaria,Diatomea,PerezBarros2010,,,,
Munida gregaria,Fresh detritus,PerezBarros2010,,,,
Munida gregaria,Griffithsia sp.,PerezBarros2010,,,,
Munida gregaria,Hydrozoa,PerezBarros2010,,,,
Munida gregaria,Isopoda,PerezBarros2010,,,,
Munida gregaria,Munida gregaria,PerezBarros2010,,,,
Munida gregaria,Oligochaeta,PerezBarros2010,,,,
Munida gregaria,Phytoplankton,PerezBarros2010,,,,
Munida gregaria,Polychaeta,PerezBarros2010,,,,
Munida gregaria,Porifera,PerezBarros2010,,,,
Munida gregaria,Sphacelaria sp.,PerezBarros2010,,,,
Munida gregaria,Trailliella sp.,PerezBarros2010,,,,
Munida gregaria,Zooplankton,PerezBarros2010,,,,
Hiatella arctica,Fresh detritus,Petersen2003,,,,
Hiatella arctica,Phytoplankton,Petersen2003,,,,
Ascidiacea,Phytoplankton,Petersen2007,,,,
Dissostichus eleginoides,Amphipoda,Pilling2001,,,,
Dissostichus eleginoides,Bryozoa,Pilling2001,,,,
Dissostichus eleginoides,Cephalopoda,Pilling2001,,,,
Dissostichus eleginoides,Euphausiacea,Pilling2001,,,,
Dissostichus eleginoides,Holothuroidea,Pilling2001,,,,
Dissostichus eleginoides,Isopoda,Pilling2001,,,,
Dissostichus eleginoides,Necromass,Pilling2001,,,,
Dissostichus eleginoides,Ophiuroidea,Pilling2001,,,,
Dissostichus eleginoides,Paralomis granulosa,Pilling2001,,,,
Dissostichus eleginoides,Patagonotothen brevicauda brevicauda,Pilling2001,,,,
Cirratulidae,Aged detritus,Planque2014,,,,
Gammaridea,Aged detritus,Planque2014,,,,
Pagurus comptus,Aged detritus,Planque2014,,,,
Polychaeta,Aged detritus,Planque2014,,,,
Polynoidae,Aged detritus,Planque2014,,,,
Polynoidae,Bryozoa,Planque2014,,,,
Cephalopoda,Copepoda,Planque2014,,,,
Cirratulidae,Diatomea,Planque2014,,,,
Gammaridea,Diatomea,Planque2014,,,,
Ostracoda,Diatomea,Planque2014,,,,
Polynoidae,Diatomea,Planque2014,,,,
Ascidiacea,Fresh detritus,Planque2014,,,,
Bryozoa,Fresh detritus,Planque2014,,,,
Hydrozoa,Fresh detritus,Planque2014,,,,
Membranipora isabelleana,Fresh detritus,Planque2014,,,,
Ophiuroidea,Fresh detritus,Planque2014,,,,
Ostracoda,Fresh detritus,Planque2014,,,,
Porifera,Fresh detritus,Planque2014,,,,
Spirorbinae,Fresh detritus,Planque2014,,,,
Ophiuroidea,Gammaridea,Planque2014,,,,
Polynoidae,Gammaridea,Planque2014,,,,
Polynoidae,Nereididae,Planque2014,,,,
Polynoidae,Ostracoda,Planque2014,,,,
Ascidiacea,Phytoplankton,Planque2014,,,,
Bryozoa,Phytoplankton,Planque2014,,,,
Cirratulidae,Phytoplankton,Planque2014,,,,
Gammaridea,Phytoplankton,Planque2014,,,,
Membranipora isabelleana,Phytoplankton,Planque2014,,,,
Ophiuroidea,Phytoplankton,Planque2014,,,,
Ostracoda,Phytoplankton,Planque2014,,,,
Pagurus comptus,Phytoplankton,Planque2014,,,,
Spirorbinae,Phytoplankton,Planque2014,,,,
Zooplankton,Phytoplankton,Planque2014,,,,
Cephalopoda,Polychaeta,Planque2014,,,,
Ophiuroidea,Polychaeta,Planque2014,,,,
Polynoidae,Polychaeta,Planque2014,,,,
Ophiuroidea,Polynoidae,Planque2014,,,,
Polynoidae,Polynoidae,Planque2014,,,,
Polynoidae,Porifera,Planque2014,,,,
Cirratulidae,Zooplankton,Planque2014,,,,
Ostracoda,Zooplankton,Planque2014,,,,
Zooplankton,Zooplankton,Planque2014,,,,
Glabraster antarctica,Necromass,Presler1986,,,,
Euphausiacea,Zooplankton,Price1988,,,,
Gaimardia trapesina,Diatomea,Puccinelli2018,,,,
Gaimardia trapesina,Fresh detritus,Puccinelli2018,,,,
Paranotothenia magellanica,Gaimardia trapesina,Puccinelli2018,,,,
Gaimardia trapesina,Phytoplankton,Puccinelli2018,,,,
Dissostichus eleginoides,Cephalopoda,Raymond2011,,,,
Dissostichus eleginoides,Copepoda,Raymond2011,,,,
Euphausiacea,Copepoda,Raymond2011,,,,
Dissostichus eleginoides,Cumacea,Raymond2011,,,,
Dissostichus eleginoides,Echiura,Raymond2011,,,,
Dissostichus eleginoides,Gastropoda,Raymond2011,,,,
Paranotothenia magellanica,Laevilitorina caliginosa,Raymond2011,,,,
Euphausiacea,Ostracoda,Raymond2011,,,,
Austrolycus depressiceps,Adenocystis utricularis,Riccialdelli2017,,,,
Eleginops maclovinus,Adenocystis utricularis,Riccialdelli2017,,,,
Isopoda,Adenocystis utricularis,Riccialdelli2017,,,,
Munida gregaria,Adenocystis utricularis,Riccialdelli2017,,,,
Nacella deaurata,Adenocystis utricularis,Riccialdelli2017,,,,
Patagonotothen tessellata,Adenocystis utricularis,Riccialdelli2017,,,,
Polyplacophora,Adenocystis utricularis,Riccialdelli2017,,,,
Siphonaria lessonii,Adenocystis utricularis,Riccialdelli2017,,,,
Munida gregaria,Aged detritus,Riccialdelli2017,,,,
Austrolycus depressiceps,Anasterias antarctica,Riccialdelli2017,,,,
Eleginops maclovinus,Anasterias antarctica,Riccialdelli2017,,,,
Patagonotothen tessellata,Anasterias antarctica,Riccialdelli2017,,,,
Anasterias antarctica,Aulacomya atra,Riccialdelli2017,,,,
Austrolycus depressiceps,Aulacomya atra,Riccialdelli2017,,,,
Eleginops maclovinus,Callophyllis pinnata,Riccialdelli2017,,,,
Isopoda,Callophyllis pinnata,Riccialdelli2017,,,,
Munida gregaria,Callophyllis pinnata,Riccialdelli2017,,,,
Nacella deaurata,Callophyllis pinnata,Riccialdelli2017,,,,
Patagonotothen tessellata,Callophyllis pinnata,Riccialdelli2017,,,,
Polyplacophora,Callophyllis pinnata,Riccialdelli2017,,,,
Siphonaria lessonii,Callophyllis pinnata,Riccialdelli2017,,,,
Eleginops maclovinus,Ceramium diaphanum,Riccialdelli2017,,,,
Isopoda,Ceramium diaphanum,Riccialdelli2017,,,,
Munida gregaria,Ceramium diaphanum,Riccialdelli2017,,,,
Nacella deaurata,Ceramium diaphanum,Riccialdelli2017,,,,
Patagonotothen tessellata,Ceramium diaphanum,Riccialdelli2017,,,,
Polyplacophora,Ceramium diaphanum,Riccialdelli2017,,,,
Siphonaria lessonii,Ceramium diaphanum,Riccialdelli2017,,,,
Aulacomya atra,Fresh detritus,Riccialdelli2017,,,,
Halicarcinus planatus ,Fresh detritus,Riccialdelli2017,,,,
Isopoda,Fresh detritus,Riccialdelli2017,,,,
Munida gregaria,Fresh detritus,Riccialdelli2017,,,,
Mytilus edulis chilensis,Fresh detritus,Riccialdelli2017,,,,
Nacella deaurata,Fresh detritus,Riccialdelli2017,,,,
Notochthamalus scabrosus ,Fresh detritus,Riccialdelli2017,,,,
Perumytilus purpuratus,Fresh detritus,Riccialdelli2017,,,,
Polyplacophora,Fresh detritus,Riccialdelli2017,,,,
Siphonaria lessonii,Fresh detritus,Riccialdelli2017,,,,
Zooplankton,Fresh detritus,Riccialdelli2017,,,,
Austrolycus depressiceps,Halicarcinus planatus ,Riccialdelli2017,,,,
Eleginops maclovinus,Halicarcinus planatus ,Riccialdelli2017,,,,
Patagonotothen tessellata,Halicarcinus planatus ,Riccialdelli2017,,,,
Xymenopsis muriciformis ,Halicarcinus planatus ,Riccialdelli2017,,,,
Austrolycus depressiceps,Isopoda,Riccialdelli2017,,,,
Eleginops maclovinus,Isopoda,Riccialdelli2017,,,,
Harpagifer bispinis,Isopoda,Riccialdelli2017,,,,
Nemertea,Isopoda,Riccialdelli2017,,,,
Patagonotothen tessellata,Isopoda,Riccialdelli2017,,,,
Eleginops maclovinus,Macrocystis pyrifera,Riccialdelli2017,,,,
Isopoda,Macrocystis pyrifera,Riccialdelli2017,,,,
Munida gregaria,Macrocystis pyrifera,Riccialdelli2017,,,,
Nacella deaurata,Macrocystis pyrifera,Riccialdelli2017,,,,
Patagonotothen tessellata,Macrocystis pyrifera,Riccialdelli2017,,,,
Polyplacophora,Macrocystis pyrifera,Riccialdelli2017,,,,
Siphonaria lessonii,Macrocystis pyrifera,Riccialdelli2017,,,,
Austrolycus depressiceps,Munida gregaria,Riccialdelli2017,,,,
Eleginops maclovinus,Munida gregaria,Riccialdelli2017,,,,
Patagonotothen tessellata,Munida gregaria,Riccialdelli2017,,,,
Trophon geversianus,Munida gregaria,Riccialdelli2017,,,,
Patagonotothen tessellata,Mytilus edulis chilensis,Riccialdelli2017,,,,
Xymenopsis muriciformis ,Mytilus edulis chilensis,Riccialdelli2017,,,,
Anasterias antarctica,Nacella deaurata,Riccialdelli2017,,,,
Austrolycus depressiceps,Nacella deaurata,Riccialdelli2017,,,,
Eleginops maclovinus,Nacella deaurata,Riccialdelli2017,,,,
Nemertea,Nacella deaurata,Riccialdelli2017,,,,
Patagonotothen tessellata,Nacella deaurata,Riccialdelli2017,,,,
Trophon geversianus,Nacella deaurata,Riccialdelli2017,,,,
Xymenopsis muriciformis ,Nacella deaurata,Riccialdelli2017,,,,
Austrolycus depressiceps,Nemertea,Riccialdelli2017,,,,
Eleginops maclovinus,Nemertea,Riccialdelli2017,,,,
Harpagifer bispinis,Nemertea,Riccialdelli2017,,,,
Patagonotothen tessellata,Nemertea,Riccialdelli2017,,,,
Eleginops maclovinus,Nothogenia fastigiata,Riccialdelli2017,,,,
Isopoda,Nothogenia fastigiata,Riccialdelli2017,,,,
Munida gregaria,Nothogenia fastigiata,Riccialdelli2017,,,,
Nacella deaurata,Nothogenia fastigiata,Riccialdelli2017,,,,
Patagonotothen tessellata,Nothogenia fastigiata,Riccialdelli2017,,,,
Polyplacophora,Nothogenia fastigiata,Riccialdelli2017,,,,
Siphonaria lessonii,Nothogenia fastigiata,Riccialdelli2017,,,,
Eleginops maclovinus,Notochthamalus scabrosus ,Riccialdelli2017,,,,
Trophon geversianus,Notochthamalus scabrosus ,Riccialdelli2017,,,,
Harpagifer bispinis,Perumytilus purpuratus,Riccialdelli2017,,,,
Nemertea,Perumytilus purpuratus,Riccialdelli2017,,,,
Aulacomya atra,Phytoplankton,Riccialdelli2017,,,,
Mytilus edulis chilensis,Phytoplankton,Riccialdelli2017,,,,
Notochthamalus scabrosus ,Phytoplankton,Riccialdelli2017,,,,
Perumytilus purpuratus,Phytoplankton,Riccialdelli2017,,,,
Zooplankton,Phytoplankton,Riccialdelli2017,,,,
Anasterias antarctica,Polyplacophora,Riccialdelli2017,,,,
Austrolycus depressiceps,Polyplacophora,Riccialdelli2017,,,,
Eleginops maclovinus,Polyplacophora,Riccialdelli2017,,,,
Nemertea,Polyplacophora,Riccialdelli2017,,,,
Patagonotothen tessellata,Polyplacophora,Riccialdelli2017,,,,
Trophon geversianus,Polyplacophora,Riccialdelli2017,,,,
Xymenopsis muriciformis ,Polyplacophora,Riccialdelli2017,,,,
Eleginops maclovinus,Scytothamus fasciculatus,Riccialdelli2017,,,,
Isopoda,Scytothamus fasciculatus,Riccialdelli2017,,,,
Munida gregaria,Scytothamus fasciculatus,Riccialdelli2017,,,,
Nacella deaurata,Scytothamus fasciculatus,Riccialdelli2017,,,,
Patagonotothen tessellata,Scytothamus fasciculatus,Riccialdelli2017,,,,
Polyplacophora,Scytothamus fasciculatus,Riccialdelli2017,,,,
Siphonaria lessonii,Scytothamus fasciculatus,Riccialdelli2017,,,,
Anasterias antarctica,Siphonaria lessonii,Riccialdelli2017,,,,
Austrolycus depressiceps,Siphonaria lessonii,Riccialdelli2017,,,,
Eleginops maclovinus,Siphonaria lessonii,Riccialdelli2017,,,,
Nemertea,Siphonaria lessonii,Riccialdelli2017,,,,
Patagonotothen tessellata,Siphonaria lessonii,Riccialdelli2017,,,,
Trophon geversianus,Siphonaria lessonii,Riccialdelli2017,,,,
Xymenopsis muriciformis ,Siphonaria lessonii,Riccialdelli2017,,,,
Austrolycus depressiceps,Trophon geversianus,Riccialdelli2017,,,,
Eleginops maclovinus,Trophon geversianus,Riccialdelli2017,,,,
Patagonotothen tessellata,Trophon geversianus,Riccialdelli2017,,,,
Eleginops maclovinus,Ulva rigida,Riccialdelli2017,,,,
Isopoda,Ulva rigida,Riccialdelli2017,,,,
Munida gregaria,Ulva rigida,Riccialdelli2017,,,,
Nacella deaurata,Ulva rigida,Riccialdelli2017,,,,
Patagonotothen tessellata,Ulva rigida,Riccialdelli2017,,,,
Polyplacophora,Ulva rigida,Riccialdelli2017,,,,
Siphonaria lessonii,Ulva rigida,Riccialdelli2017,,,,
Eleginops maclovinus,Ulva sp.,Riccialdelli2017,,,,
Isopoda,Ulva sp.,Riccialdelli2017,,,,
Munida gregaria,Ulva sp.,Riccialdelli2017,,,,
Nacella deaurata,Ulva sp.,Riccialdelli2017,,,,
Patagonotothen tessellata,Ulva sp.,Riccialdelli2017,,,,
Polyplacophora,Ulva sp.,Riccialdelli2017,,,,
Siphonaria lessonii,Ulva sp.,Riccialdelli2017,,,,
Austrolycus depressiceps,Xymenopsis muriciformis ,Riccialdelli2017,,,,
Eleginops maclovinus,Xymenopsis muriciformis ,Riccialdelli2017,,,,
Patagonotothen tessellata,Xymenopsis muriciformis ,Riccialdelli2017,,,,
Aulacomya atra,Zooplankton,Riccialdelli2017,,,,
Mytilus edulis chilensis,Zooplankton,Riccialdelli2017,,,,
Notochthamalus scabrosus ,Zooplankton,Riccialdelli2017,,,,
Perumytilus purpuratus,Zooplankton,Riccialdelli2017,,,,
Harpagifer bispinis,Amphipoda,Richard1977,,,,
Harpagifer bispinis,Copepoda,Richard1977,,,,
Harpagifer bispinis,Isopoda,Richard1977,,,,
Harpagifer bispinis,Polychaeta,Richard1977,,,,
Halicarcinus planatus ,Isopoda,RicherdeForges1976,,,,
Halicarcinus planatus ,Polychaeta,RicherdeForges1976,,,,
Munida gregaria,Ballia sp.,Romero2004,,,,
Munida gregaria,Bivalvia,Romero2004,,,,
Munida gregaria,Bostrychia sp.,Romero2004,,,,
Munida gregaria,Bryozoa,Romero2004,,,,
Munida gregaria,Ceramium sp.,Romero2004,,,,
Munida gregaria,Cladophora sp.,Romero2004,,,,
Munida gregaria,Delesseriaceae ,Romero2004,,,,
Munida gregaria,Desmarestia sp.,Romero2004,,,,
Munida gregaria,Diatomea,Romero2004,,,,
Munida gregaria,Ectocarpus sp.,Romero2004,,,,
Munida gregaria,Fresh detritus,Romero2004,,,,
Munida gregaria,Gastropoda,Romero2004,,,,
Munida gregaria,Griffithsia sp.,Romero2004,,,,
Munida gregaria,Halopteris sp.,Romero2004,,,,
Munida gregaria,Hincksia sp.,Romero2004,,,,
Munida gregaria,Hydrozoa,Romero2004,,,,
Munida gregaria,Hymenena sp.,Romero2004,,,,
Munida gregaria,Monostroma sp.,Romero2004,,,,
Munida gregaria,Munida gregaria,Romero2004,,,,
Munida gregaria,Myriogramme sp.,Romero2004,,,,
Munida gregaria,Necromass,Romero2004,,,,
Munida gregaria,Oligochaeta,Romero2004,,,,
Munida gregaria,Ostracoda,Romero2004,,,,
Munida gregaria,Phytoplankton,Romero2004,,,,
Munida gregaria,Polychaeta,Romero2004,,,,
Munida gregaria,Porifera,Romero2004,,,,
Munida gregaria,Rhizoclonium sp.,Romero2004,,,,
Munida gregaria,Sphacelaria sp.,Romero2004,,,,
Munida gregaria,Trailliella sp.,Romero2004,,,,
Munida gregaria,Ulva sp.,Romero2004,,,,
Munida gregaria,Zooplankton,Romero2004,,,,
Merluccius hubbsi,Cephalopoda,Rosa1997,,,,
Schroederichthys bivius,Cephalopoda,Rosa1997,,,,
Merluccius hubbsi,Merluccius hubbsi,Rosa1997,,,,
Schroederichthys bivius,Merluccius hubbsi,Rosa1997,,,,
Merluccius hubbsi,Munida gregaria,Rosa1997,,,,
Schroederichthys bivius,Munida gregaria,Rosa1997,,,,
Schroederichthys bivius,Peltarion spinosulum,Rosa1997,,,,
Schroederichthys bivius,Polychaeta,Rosa1997,,,,
Merluccius hubbsi,Zooplankton,Rosa1997,,,,
Nacella deaurata,Adenocystis utricularis,Rosenfeld2018,,,,
Nacella magellanica,Adenocystis utricularis,Rosenfeld2018,,,,
Nacella magellanica,Amphipoda,Rosenfeld2018,,,,
Nacella deaurata,Ballia sp.,Rosenfeld2018,,,,
Nacella magellanica,Ballia sp.,Rosenfeld2018,,,,
Nacella deaurata,Bostrychia sp.,Rosenfeld2018,,,,
Nacella magellanica,Bostrychia sp.,Rosenfeld2018,,,,
Nacella deaurata,Ceramium sp.,Rosenfeld2018,,,,
Nacella magellanica,Ceramium sp.,Rosenfeld2018,,,,
Nacella deaurata,Diatomea,Rosenfeld2018,,,,
Nacella magellanica,Diatomea,Rosenfeld2018,,,,
Nacella deaurata,Ectocarpus sp.,Rosenfeld2018,,,,
Nacella magellanica,Ectocarpus sp.,Rosenfeld2018,,,,
Nacella deaurata,Halopteris sp.,Rosenfeld2018,,,,
Nacella magellanica,Halopteris sp.,Rosenfeld2018,,,,
Nacella deaurata,Laevilitorina caliginosa,Rosenfeld2018,,,,
Nacella magellanica,Laevilitorina caliginosa,Rosenfeld2018,,,,
Nacella magellanica,Macrocystis pyrifera,Rosenfeld2018,,,,
Nacella deaurata,Margarella violacea,Rosenfeld2018,,,,
Nacella magellanica,Margarella violacea,Rosenfeld2018,,,,
Nacella deaurata,Mytilus edulis chilensis,Rosenfeld2018,,,,
Nacella magellanica,Mytilus edulis chilensis,Rosenfeld2018,,,,
Nacella deaurata,Nothogenia fastigiata,Rosenfeld2018,,,,
Nacella magellanica,Nothogenia fastigiata,Rosenfeld2018,,,,
Nacella magellanica,Notochthamalus scabrosus ,Rosenfeld2018,,,,
Nacella deaurata,Ostracoda,Rosenfeld2018,,,,
Nacella magellanica,Ostracoda,Rosenfeld2018,,,,
Nacella deaurata,Phytoplankton,Rosenfeld2018,,,,
Nacella magellanica,Phytoplankton,Rosenfeld2018,,,,
Nacella mytilina,Phytoplankton,Rosenfeld2018,,,,
Nacella deaurata,Polysiphonia sp.,Rosenfeld2018,,,,
Nacella magellanica,Polysiphonia sp.,Rosenfeld2018,,,,
Nacella deaurata,Rhizoclonium sp.,Rosenfeld2018,,,,
Nacella magellanica,Rhizoclonium sp.,Rosenfeld2018,,,,
Nacella deaurata,Ulva sp.,Rosenfeld2018,,,,
Nacella magellanica,Ulva sp.,Rosenfeld2018,,,,
Nacella deaurata,Zooplankton,Rosenfeld2018,,,,
Nacella magellanica,Zooplankton,Rosenfeld2018,,,,
Bathyraja albomaculata,Amphipoda,Ruocco2009,,,,
Bathyraja albomaculata,Crustacea,Ruocco2009,,,,
Bathyraja albomaculata,Cumacea,Ruocco2009,,,,
Bathyraja albomaculata,Gammaridea,Ruocco2009,,,,
Bathyraja albomaculata,Glyceridae,Ruocco2009,,,,
Bathyraja albomaculata,Isopoda,Ruocco2009,,,,
Bathyraja albomaculata,Peltarion spinosulum,Ruocco2009,,,,
Bathyraja albomaculata,Polychaeta,Ruocco2009,,,,
Bathyraja albomaculata,Terebellidae,Ruocco2009,,,,
Amphipoda,Aged detritus,Ruppert1996,,,,
Crustacea,Diatomea,Ruppert1996,,,,
Amphipoda,Fresh detritus,Ruppert1996,,,,
Bivalvia,Fresh detritus,Ruppert1996,,,,
Cirripedia,Fresh detritus,Ruppert1996,,,,
Copepoda,Fresh detritus,Ruppert1996,,,,
Crustacea,Fresh detritus,Ruppert1996,,,,
Eurhomalea exalbida,Fresh detritus,Ruppert1996,,,,
Ascidiacea,Phytoplankton,Ruppert1996,,,,
Bryozoa,Phytoplankton,Ruppert1996,,,,
Copepoda,Phytoplankton,Ruppert1996,,,,
Crustacea,Phytoplankton,Ruppert1996,,,,
Membranipora isabelleana,Phytoplankton,Ruppert1996,,,,
Ascidiacea,Zooplankton,Ruppert1996,,,,
Sprattus fuegensis,Copepoda,Sabatini2001,,,,
Sprattus fuegensis,Zooplankton,Sabatini2001,,,,
Merluccius hubbsi,Amphipoda,Sanchez1996,,,,
Eleginops maclovinus,Bivalvia,Sanchez1996,,,,
Genypterus blacodes,Bivalvia,Sanchez1996,,,,
Salilota australis,Bivalvia,Sanchez1996,,,,
Schroederichthys bivius,Bivalvia,Sanchez1996,,,,
Merluccius hubbsi,Cephalopoda,Sanchez1996,,,,
Schroederichthys bivius,Cephalopoda,Sanchez1996,,,,
Eleginops maclovinus,Crustacea,Sanchez1996,,,,
Genypterus blacodes,Crustacea,Sanchez1996,,,,
Schroederichthys bivius,Crustacea,Sanchez1996,,,,
Eleginops maclovinus,Echiura,Sanchez1996,,,,
Schroederichthys bivius,Echiura,Sanchez1996,,,,
Genypterus blacodes,Euphausiacea,Sanchez1996,,,,
Macruronus magellanicus,Euphausiacea,Sanchez1996,,,,
Merluccius hubbsi,Euphausiacea,Sanchez1996,,,,
Salilota australis,Euphausiacea,Sanchez1996,,,,
Congiopodus peruvianus,Gammaridea,Sanchez1996,,,,
Eleginops maclovinus,Gammaridea,Sanchez1996,,,,
Salilota australis,Gammaridea,Sanchez1996,,,,
Genypterus blacodes,Hyperiidea,Sanchez1996,,,,
Macruronus magellanicus,Hyperiidea,Sanchez1996,,,,
Salilota australis,Hyperiidea,Sanchez1996,,,,
Cottoperca gobio,Merluccius hubbsi,Sanchez1996,,,,
Genypterus blacodes,Merluccius hubbsi,Sanchez1996,,,,
Merluccius hubbsi,Merluccius hubbsi,Sanchez1996,,,,
Schroederichthys bivius,Merluccius hubbsi,Sanchez1996,,,,
Cottoperca gobio,Munida gregaria,Sanchez1996,,,,
Genypterus blacodes,Munida gregaria,Sanchez1996,,,,
Macruronus magellanicus,Munida gregaria,Sanchez1996,,,,
Merluccius hubbsi,Munida gregaria,Sanchez1996,,,,
Salilota australis,Munida gregaria,Sanchez1996,,,,
Schroederichthys bivius,Munida gregaria,Sanchez1996,,,,
Eleginops maclovinus,Polychaeta,Sanchez1996,,,,
Genypterus blacodes,Polychaeta,Sanchez1996,,,,
Merluccius hubbsi,Polychaeta,Sanchez1996,,,,
Salilota australis,Polychaeta,Sanchez1996,,,,
Schroederichthys bivius,Polychaeta,Sanchez1996,,,,
Macruronus magellanicus,Cephalopoda,Sanchez1999,,,,
Macruronus magellanicus,Copepoda,Sanchez1999,,,,
Macruronus magellanicus,Ctenophora,Sanchez1999,,,,
Macruronus magellanicus,Euphausiacea,Sanchez1999,,,,
Macruronus magellanicus,Gammaridea,Sanchez1999,,,,
Macruronus magellanicus,Gastropoda,Sanchez1999,,,,
Macruronus magellanicus,Macruronus magellanicus,Sanchez1999,,,,
Macruronus magellanicus,Merluccius hubbsi,Sanchez1999,,,,
Macruronus magellanicus,Munida gregaria,Sanchez1999,,,,
Macruronus magellanicus,Myxine glutinosa,Sanchez1999,,,,
Macruronus magellanicus,Patagonotothen ramsayi,Sanchez1999,,,,
Macruronus magellanicus,Salilota australis,Sanchez1999,,,,
Macruronus magellanicus,Sprattus fuegensis,Sanchez1999,,,,
Merluccius hubbsi,Amphipoda,Sanchez2005,,,,
Macruronus magellanicus,Euphausiacea,Sanchez2005,,,,
Merluccius hubbsi,Euphausiacea,Sanchez2005,,,,
Macruronus magellanicus,Hyperiidea,Sanchez2005,,,,
Zygochlamys patagonica,Copepoda,Schejter2002,,,,
Zygochlamys patagonica,Diatomea,Schejter2002,,,,
Zygochlamys patagonica,Fresh detritus,Schejter2002,,,,
Zygochlamys patagonica,Phytoplankton,Schejter2002,,,,
Zygochlamys patagonica,Polychaeta,Schejter2002,,,,
Zygochlamys patagonica,Porifera,Schejter2002,,,,
Zygochlamys patagonica,Zooplankton,Schejter2002,,,,
Myxine glutinosa,Amphipoda,Shelton1978,,,,
Myxine glutinosa,Nemertea,Shelton1978,,,,
Priapulida,Polychaeta,Shirley1990,,,,
Ascidiacea,Diatomea,Tatian2004,,,,
Ascidiacea,Fresh detritus,Tatian2004,,,,
Ascidiacea,Phytoplankton,Tatian2004,,,,
Ascidiacea,Zooplankton,Tatian2004,,,,
Oligochaeta,Aged detritus,Thieltges2011,,,,
Polyplacophora,Diatomea,Thieltges2011,,,,
Bryozoa,Fresh detritus,Thieltges2011,,,,
Cirripedia,Fresh detritus,Thieltges2011,,,,
Membranipora isabelleana,Fresh detritus,Thieltges2011,,,,
Polyplacophora,Fresh detritus,Thieltges2011,,,,
Pagurus comptus,Mytilus edulis chilensis,Thieltges2011,,,,
Pagurus comptus,Necromass,Thieltges2011,,,,
Nereididae,Oligochaeta,Thieltges2011,,,,
Bryozoa,Phytoplankton,Thieltges2011,,,,
Cirripedia,Phytoplankton,Thieltges2011,,,,
Membranipora isabelleana,Phytoplankton,Thieltges2011,,,,
Pagurus comptus,Phytoplankton,Thieltges2011,,,,
Zooplankton,Phytoplankton,Thieltges2011,,,,
Pagurus comptus,Polychaeta,Thieltges2011,,,,
Cirripedia,Zooplankton,Thieltges2011,,,,
Pagurus comptus,Zooplankton,Thieltges2011,,,,
Merluccius hubbsi,Cephalopoda,Tringali2012,,,,
Merluccius hubbsi,Merluccius hubbsi,Tringali2012,,,,
Dissostichus eleginoides,Cephalopoda,Troccoli2019,,,,
Dissostichus eleginoides,Dissostichus eleginoides,Troccoli2019,,,,
Dissostichus eleginoides,Genypterus blacodes,Troccoli2019,,,,
Dissostichus eleginoides,Macruronus magellanicus,Troccoli2019,,,,
Dissostichus eleginoides,Patagonotothen ramsayi,Troccoli2019,,,,
Dissostichus eleginoides,Salilota australis,Troccoli2019,,,,
Dissostichus eleginoides,Sprattus fuegensis,Troccoli2019,,,,
Arbacia dufresnii,Macrocystis pyrifera,Vásquez1984,,,,
Loxechinus albus,Macrocystis pyrifera,Vásquez1984,,,,
Pseudechinus magellanicus,Macrocystis pyrifera,Vásquez1984,,,,
Galaxias maculatus,Amphipoda,Vega2013,,,,
Galaxias maculatus,Copepoda,Vega2013,,,,
Galaxias maculatus,Galaxias maculatus,Vega2013,,,,
Odontesthes nigricans,Galaxias maculatus,Vega2013,,,,
Galaxias maculatus,Gastropoda,Vega2013,,,,
Galaxias maculatus,Ostracoda,Vega2013,,,,
Galaxias maculatus,Zooplankton,Vega2013,,,,
Cosmasterias lurida,Notobalanus flosculus,Venerus2005,,,,
Munida gregaria,Aged detritus,Vinuesa2007,,,,
Munida gregaria,Copepoda,Vinuesa2007,,,,
Munida gregaria,Crustacea,Vinuesa2007,,,,
Munida gregaria,Diatomea,Vinuesa2007,,,,
Munida gregaria,Fresh detritus,Vinuesa2007,,,,
Munida gregaria,Gastropoda,Vinuesa2007,,,,
Munida gregaria,Macroalgae,Vinuesa2007,,,,
Cottoperca gobio,Munida gregaria,Vinuesa2007,,,,
Eleginops maclovinus,Munida gregaria,Vinuesa2007,,,,
Eurypodius latreillii,Munida gregaria,Vinuesa2007,,,,
Genypterus blacodes,Munida gregaria,Vinuesa2007,,,,
Lithodes santolla,Munida gregaria,Vinuesa2007,,,,
Macruronus magellanicus,Munida gregaria,Vinuesa2007,,,,
Merluccius hubbsi,Munida gregaria,Vinuesa2007,,,,
Munida gregaria,Munida gregaria,Vinuesa2007,,,,
Patagonotothen ramsayi,Munida gregaria,Vinuesa2007,,,,
Patagonotothen ramsayi,Munida gregaria,Vinuesa2007,,,,
Raja (Dipturus) chilensis,Munida gregaria,Vinuesa2007,,,,
Salilota australis,Munida gregaria,Vinuesa2007,,,,
Schroederichthys bivius,Munida gregaria,Vinuesa2007,,,,
Munida gregaria,Necromass,Vinuesa2007,,,,
Munida gregaria,Ostracoda,Vinuesa2007,,,,
Munida gregaria,Phytoplankton,Vinuesa2007,,,,
Munida gregaria,Polychaeta,Vinuesa2007,,,,
Munida gregaria,Porifera,Vinuesa2007,,,,
Munida gregaria,Zooplankton,Vinuesa2007,,,,
Cumacea,Aged detritus,Wiencke1998,,,,
Anasterias antarctica,Exosphaeroma gigas,Zaixso2015,,,,
Fissurella oriens,Macrocystis pyrifera,Zaixso2015,,,,
Margarella violacea,Macrocystis pyrifera,Zaixso2015,,,,
Nacella mytilina,Macrocystis pyrifera,Zaixso2015,,,,
Plaxiphora sp.,Macrocystis pyrifera,Zaixso2015,,,,
Polyplacophora,Macrocystis pyrifera,Zaixso2015,,,,
Pseudechinus magellanicus,Macrocystis pyrifera,Zaixso2015,,,,
Anasterias antarctica,Polyplacophora,Zaixso2015,,,,
Cosmasterias lurida,Paralomis granulosa,Zaixso2015I,,,,