"","Prey","Predator","Reference","Reference_link"
"1","Mytilus sp.","Acanthina monodon","Ríos & Gerdes (1997)","https://epic.awi.de/id/eprint/5233/"
"2","Perumytilus purpuratus","Acanthina monodon","Andrade (pers. comm.)",""
"3","Mytilus sp.","Acanthocyclus albatrossis","","https://www.sciencedirect.com/science/article/abs/pii/S0022098122000387"
"4","Phytodetritus","Amphipoda","Andrade (pers. comm.)",""
"5","Bivalvia","Anasterias antarctica","Andrade (pers. comm.)",""
"6","Gastropoda","Anasterias antarctica","Ríos & Gerdes (1997)","https://epic.awi.de/id/eprint/5233/"
"7","Mytilus sp.","Anasterias antarctica","Andrade (pers. comm.)",""
"8","Harpagifer bispinis","Antholoba achates","Andrade (pers. comm.)",""
"9","Zooplankton","Appendicularians","",""
"10","Doryteuthis gahi","Aptenoydes patagonicus","Pütz et al. (2021)","https://www.sciencedirect.com/science/article/pii/S2351989421002195"
"11","Myctophidae","Aptenoydes patagonicus","Huidobro & Oporto (2018)","https://repositorio.uc.cl/xmlui/handle/11534/45383"
"12","Patagonotothen tessellata","Aptenoydes patagonicus","Pütz et al. (2021)",""
"13","Sprattus fuegensis","Aptenoydes patagonicus","Huidobro & Oporto (2018)","https://repositorio.uc.cl/xmlui/handle/11534/45382"
"14","Brown algae","Arbacia dufresnii","Newcombe et al. (2012)","https://www.int-res.com/abstracts/ab/v15/n2/p135-144"
"15","Foraminifera","Arbacia dufresnii","Castro et al. (2022)",""
"16","Green algae","Arbacia dufresnii","Castro et al. (2022)",""
"17","Ostracoda","Arbacia dufresnii","Castro et al. (2022)",""
"18","Red algae","Arbacia dufresnii","Castro et al. (2022)",""
"19","Merluccius australis","Arctocephalus australis","","http://cybertesis.uach.cl/tesis/uach/2012/fcv297h/doc/fcv297h.pdf"
"20","Myctophidae","Arctocephalus australis","","http://cybertesis.uach.cl/tesis/uach/2012/fcv297h/doc/fcv297h.pdf"
"21","Phytoplankton","Aulacomya atra","",""
"22","Zooplankton","Aulacomya atra","",""
"23","Phytoplankton","Austrochlamys natans","",""
"24","Isopoda","Austrolycus depressiceps","Reyes & Hüne (2012)","Peces del sur de Chile"
"25","Patagonotothen cornucola","Austrolycus depressiceps","Reyes & Hüne (2012)","Peces del sur de Chile"
"26","Polychaeta","Austrolycus depressiceps","Reyes & Hüne (2012)","Peces del sur de Chile"
"27","Bivalvia (larvae)","Bathylagichthys parini (larvae)","Salas-Berrios et al. (2013)","https://link.springer.com/article/10.1007/s00300-013-1359-8"
"28","Calanoid (copepodite)","Bathylagichthys parini (larvae)","Salas-Berrios et al. (2013)","https://link.springer.com/article/10.1007/s00300-013-1359-8"
"29","Copepoda (egg)","Bathylagichthys parini (larvae)","Salas-Berrios et al. (2013)","https://link.springer.com/article/10.1007/s00300-013-1359-8"
"30","Copepoda (nauplius)","Bathylagichthys parini (larvae)","Salas-Berrios et al. (2013)","https://link.springer.com/article/10.1007/s00300-013-1359-8"
"31","Detritus","Bathylagichthys parini (larvae)","Salas-Berrios et al. (2013)","https://link.springer.com/article/10.1007/s00300-013-1359-8"
"32","Ostracoda","Bathylagichthys parini (larvae)","Salas-Berrios et al. (2013)","https://link.springer.com/article/10.1007/s00300-013-1359-8"
"33","Plankton diatom","Bathylagichthys parini (larvae)","Salas-Berrios et al. (2013)","https://link.springer.com/article/10.1007/s00300-013-1359-8"
"34","Salp","Bathylagichthys parini (larvae)","Salas-Berrios et al. (2013)","https://link.springer.com/article/10.1007/s00300-013-1359-8"
"35","Mytilus sp.","Benthic decapoda","",""
"36","Phytoplankton","Bivalvia","",""
"37","Benthic diatom","Bivalvia (larvae)","",""
"38","Plankton diatom","Bivalvia (larvae)","","https://www.sciencedirect.com/science/article/pii/S0044848603002722"
"39","Phytoplankton","Brachiopoda","",""
"40","Phytoplankton","Bryozoa","",""
"41","Zooplankton","Bryozoa","",""
"42","Exosphaeroma gigas","Bunodactis octoradiata","Andrade C & Ríos C (2007)","http://analesdelinstitutodelapatagonia.cl/index.php/analespatagonia/article/view/386"
"43","Phytoplankton","Calanoid (copepodite)","",""
"44","Bivalvia","Calidris canutus","Espoz et al. (2008)","https://www.researchgate.net/publication/262687507_Trophic_ecology_of_the_Red_Knot_Calidris_canutus_rufa_at_Bahia_Lomas_Tierra_del_Fuego_Chile?enrichId=rgreq-8c958f7066ac761a5d05454e0c0e8de9-XXX&enrichSource=Y292ZXJQYWdlOzI2MjY4NzUwNztBUzoxNDE3ODM2MTkwODQyODhAMTQxMDgxNTI1NzkyOQ%3D%3D&el=1_x_2&_esc=publicationCoverPdf"
"45","Bivalvia","Callorhinchus callorynchus","Di Giacomo & Perier (1996)","https://www.publish.csiro.au/mf/mf9960801"
"46","Zooplankton","Campylonotus vagans","",""
"47","Benthic decapoda","Cephalopoda","",""
"48","Bivalvia","Cephalopoda","",""
"49","Benthic decapoda","Cephalorhynchus commersonii commersonii","Riccialdelli et al. (2013)","https://link.springer.com/article/10.1007/s00300-013-1289-16"
"50","Doryteuthis gahi","Cephalorhynchus commersonii commersonii","Riccialdelli et al. (2013)","https://link.springer.com/article/10.1007/s00300-013-1289-12"
"51","Eleginops maclovinus","Cephalorhynchus commersonii commersonii","Riccialdelli et al. (2013)","https://link.springer.com/article/10.1007/s00300-013-1289-7"
"52","Enteroctopus megalocyathus","Cephalorhynchus commersonii commersonii","Riccialdelli et al. (2013)","https://link.springer.com/article/10.1007/s00300-013-1289-13"
"53","Halicarcinus planatus","Cephalorhynchus commersonii commersonii","Riccialdelli et al. (2013)","https://link.springer.com/article/10.1007/s00300-013-1289-15"
"54","Illex argentinus","Cephalorhynchus commersonii commersonii","Riccialdelli et al. (2013)","https://link.springer.com/article/10.1007/s00300-013-1289-11"
"55","Macruronus magellanicus","Cephalorhynchus commersonii commersonii","Riccialdelli et al. (2013)","https://link.springer.com/article/10.1007/s00300-013-1289-10"
"56","Odontesthes sp.","Cephalorhynchus commersonii commersonii","Riccialdelli et al. (2013)","https://link.springer.com/article/10.1007/s00300-013-1289-8"
"57","Patagonotothen sp.","Cephalorhynchus commersonii commersonii","Riccialdelli et al. (2013)","https://link.springer.com/article/10.1007/s00300-013-1289-5"
"58","Sprattus fuegensis","Cephalorhynchus commersonii commersonii","Riccialdelli et al. (2013)","https://link.springer.com/article/10.1007/s00300-013-1289-9"
"59","Zoarcidae","Cephalorhynchus commersonii commersonii","Riccialdelli et al. (2013)","https://link.springer.com/article/10.1007/s00300-013-1289-6"
"60","Patagonotothen cornucola","Champsocephalus esox","Landaeta et al. (2020)","https://www.cambridge.org/core/journals/antarctic-science/article/abs/shape-condition-and-diet-of-the-pike-icefish-champsocephalus-esox-teleostei-channichthyidae-evidence-of-phenotypic-plasticity/F45F7393F50141A0E3999A96CA55B1DC"
"61","Patagonotothen sima","Champsocephalus esox","Landaeta et al. (2020)","https://www.cambridge.org/core/journals/antarctic-science/article/abs/shape-condition-and-diet-of-the-pike-icefish-champsocephalus-esox-teleostei-channichthyidae-evidence-of-phenotypic-plasticity/F45F7393F50141A0E3999A96CA55B1DC"
"62","Patagonotothen tessellata","Champsocephalus esox","Landaeta et al. (2020)","https://www.cambridge.org/core/journals/antarctic-science/article/abs/shape-condition-and-diet-of-the-pike-icefish-champsocephalus-esox-teleostei-channichthyidae-evidence-of-phenotypic-plasticity/F45F7393F50141A0E3999A96CA55B1DC"
"63","Detritus","Chironomidae","","https://www.scielo.br/j/isz/a/bDrCDYjPB5jgPmsKhxq5FQp/#"
"64","Plankton diatom","Chironomidae","","https://www.scielo.br/j/isz/a/bDrCDYjPB5jgPmsKhxq5FQp/#"
"65","Brown algae","Chloephaga hybrida","Venegas (1985)","Venegas, C. 1985-1986. Prospección aérea de gansos (Chloephaga) en la estepa central de Magallanes. Anales del Instituto de la Patagonia 16: 67˗73."
"66","Amphipoda","Cilus gilberti","Reyes & Hüne (2012)","Peces del sur de Chile"
"67","Polychaeta","Cilus gilberti","Reyes & Hüne (2012)","Peces del sur de Chile"
"68","Green algae","Cilus gilberti","Reyes & Hüne (2012)","Peces del sur de Chile"
"69","Phytoplankton","Cirripedia","",""
"70","Detritus","Copepoda","",""
"71","Phytoplankton","Copepoda","",""
"72","Zooplankton","Copepoda","",""
"73","Nanoflagellates","Copepoda (nauplius)","","https://link.springer.com/article/10.1007/s00227-009-1353-4"
"74","Arbacia dufresnii","Cosmasterias lurida","Garrido et al. (2021)",""
"75","Bivalvia","Cosmasterias lurida","Garrido et al. (2021)",""
"76","Gastropoda","Cosmasterias lurida","",""
"77","Loxechinus albus","Cosmasterias lurida","Garrido et al. (2021)",""
"78","Mytilus sp.","Cosmasterias lurida","Andrade (pers. comm.)",""
"79","Pseudechinus magellanicus","Cosmasterias lurida","Garrido et al. (2021)",""
"80","Doryteuthis gahi","Cottoperca gobio","","https://onlinelibrary.wiley.com/doi/full/10.1046/j.1439-0426.2003.00340.x?casa_token=6dL3l09v8GkAAAAA%3A4Fd89SBAZOIkE2TKrEQxaEERaCADR0kGhkXGR-Bz35FUg2Z12Z3dRPMgT5ckTZ1c__S6NpyqOz9_Q0E"
"81","Macruronus magellanicus","Cottoperca gobio","","https://onlinelibrary.wiley.com/doi/full/10.1046/j.1439-0426.2003.00340.x?casa_token=6dL3l09v8GkAAAAA%3A4Fd89SBAZOIkE2TKrEQxaEERaCADR0kGhkXGR-Bz35FUg2Z12Z3dRPMgT5ckTZ1c__S6NpyqOz9_Q0E"
"82","Munida gregaria","Cottoperca gobio","Vinuesa & Varisco (2007)","https://www.scielo.cl/scielo.php?pid=S0717-71782007000200003&script=sci_arttext&tlng=pt"
"83","Patagonotothen tessellata","Cottoperca gobio","","https://onlinelibrary.wiley.com/doi/full/10.1046/j.1439-0426.2003.00340.x?casa_token=6dL3l09v8GkAAAAA%3A4Fd89SBAZOIkE2TKrEQxaEERaCADR0kGhkXGR-Bz35FUg2Z12Z3dRPMgT5ckTZ1c__S6NpyqOz9_Q0E"
"84","Peltarion spinulosum","Cottoperca gobio","","https://onlinelibrary.wiley.com/doi/full/10.1046/j.1439-0426.2003.00340.x?casa_token=6dL3l09v8GkAAAAA%3A4Fd89SBAZOIkE2TKrEQxaEERaCADR0kGhkXGR-Bz35FUg2Z12Z3dRPMgT5ckTZ1c__S6NpyqOz9_Q0E"
"85","Sprattus fuegensis","Cottoperca gobio","","https://onlinelibrary.wiley.com/doi/full/10.1046/j.1439-0426.2003.00340.x?casa_token=6dL3l09v8GkAAAAA%3A4Fd89SBAZOIkE2TKrEQxaEERaCADR0kGhkXGR-Bz35FUg2Z12Z3dRPMgT5ckTZ1c__S6NpyqOz9_Q0E"
"86","Brown algae","Crepipatella dilatata","C. Andrade (pers. comm.)",""
"87","Phytoplankton","Crustacea","",""
"88","Zooplankton","Crustacea","",""
"89","Phytoplankton","Darina solenoides","",""
"90","Doryteuthis gahi","Dissostichus eleginoides","Troccoli et al. (2020)","https://link.springer.com/article/10.1007/s00300-020-02730-2"
"91","Genypterus blacodes","Dissostichus eleginoides","Troccoli et al. (2020)","https://link.springer.com/article/10.1007/s00300-020-02730-2"
"92","Lithodes santolla","Dissostichus eleginoides","Murillo et al. (2008)","https://www.scielo.cl/scielo.php?pid=S0717-65382008000100011&script=sci_arttext&tlng=pt"
"93","Macruronus magellanicus","Dissostichus eleginoides","Troccoli et al. (2020)","https://link.springer.com/article/10.1007/s00300-020-02730-2"
"94","Salilota australis","Dissostichus eleginoides","Troccoli et al. (2020)","https://link.springer.com/article/10.1007/s00300-020-02730-2"
"95","Sprattus fuegensis","Dissostichus eleginoides","Troccoli et al. (2020)","https://link.springer.com/article/10.1007/s00300-020-02730-2"
"96","Benthic decapoda","Doryteuthis gahi","Almonacid (pers. comm)",""
"97","Sprattus fuegensis","Doryteuthis gahi","Almonacid (pers. comm)",""
"98","Acanthocyclus albatrossis","Eleginops maclovinus","Córdova et al. (2009)","https://www.scielo.cl/scielo.php?pid=S0718-19572009000200016&script=sci_arttext"
"99","Amphipoda","Eleginops maclovinus","Guzmán & Campodonico (1973)","http://www.bibliotecadigital.umag.cl/handle/20.500.11893/379"
"100","Benthic decapoda","Eleginops maclovinus","Guzmán & Campodonico (1973)","http://www.bibliotecadigital.umag.cl/handle/20.500.11893/379"
"101","Brachiopoda","Eleginops maclovinus","Guzmán & Campodonico (1973)","http://www.bibliotecadigital.umag.cl/handle/20.500.11893/379"
"102","Cephalopoda","Eleginops maclovinus","Guzmán & Campodonico (1973)","http://www.bibliotecadigital.umag.cl/handle/20.500.11893/379"
"103","Copepoda","Eleginops maclovinus","Guzmán & Campodonico (1973)","http://www.bibliotecadigital.umag.cl/handle/20.500.11893/379"
"104","Cyanobacteria","Eleginops maclovinus","Guzmán & Campodonico (1973)","http://www.bibliotecadigital.umag.cl/handle/20.500.11893/379"
"105","Detritus","Eleginops maclovinus","Guzmán & Campodonico (1973)","http://www.bibliotecadigital.umag.cl/handle/20.500.11893/379"
"106","Exosphaeroma gigas","Eleginops maclovinus","Andrade (pers. comm.)",""
"107","Foraminifera","Eleginops maclovinus","Guzmán & Campodonico (1973)","http://www.bibliotecadigital.umag.cl/handle/20.500.11893/379"
"108","Green algae","Eleginops maclovinus","Guzmán & Campodonico (1973)","http://www.bibliotecadigital.umag.cl/handle/20.500.11893/379"
"109","Halicarcinus planatus","Eleginops maclovinus","Guzmán & Campodonico (1973)","http://www.bibliotecadigital.umag.cl/handle/20.500.11893/379"
"110","Isopoda","Eleginops maclovinus","Guzmán & Campodonico (1973)","http://www.bibliotecadigital.umag.cl/handle/20.500.11893/379"
"111","Ostracoda","Eleginops maclovinus","Guzmán & Campodonico (1973)","http://www.bibliotecadigital.umag.cl/handle/20.500.11893/379"
"112","Patagonotothen cornucola","Eleginops maclovinus","Martin & Bastida (2008)","https://www.scielo.cl/scielo.php?script=sci_arttext&pid=S0718-560X2008000100001"
"113","Polychaeta","Eleginops maclovinus","Guzmán & Campodonico (1973)","http://www.bibliotecadigital.umag.cl/handle/20.500.11893/379"
"114","Red algae","Eleginops maclovinus","Guzmán & Campodonico (1973)","http://www.bibliotecadigital.umag.cl/handle/20.500.11893/379"
"115","Sediment","Eleginops maclovinus","Guzmán & Campodonico (1973)","http://www.bibliotecadigital.umag.cl/handle/20.500.11893/379"
"116","Tanaidae","Eleginops maclovinus","Haro D. (2019)","https://repositorio.uchile.cl/handle/2250/187376"
"117","Zooplankton","Eleginops maclovinus","Guzmán & Campodonico (1973)","http://www.bibliotecadigital.umag.cl/handle/20.500.11893/379"
"118","Benthic decapoda","Enteroctopus megalocyathus","Sepúlveda (pers. comm)",""
"119","Bivalvia","Enteroctopus megalocyathus","Sepúlveda (pers. comm)",""
"120","Phytoplankton","Euphausia lucens","",""
"121","Phytoplankton","Euphausia vallentini","","https://academic.oup.com/plankt/article/33/8/1212/1441310?login=false"
"122","Plankton diatom","Euphausia vallentini","","https://academic.oup.com/plankt/article/33/8/1212/1441310?login=false"
"123","Bryozoa","Eurypodius latreillei","Comoglio (1994)","https://bibliotecadigital.exactas.uba.ar/download/tesis/tesis_n2640_Comoglio.pdf"
"124","Foraminifera","Eurypodius latreillei","Comoglio (1994)","https://bibliotecadigital.exactas.uba.ar/download/tesis/tesis_n2640_Comoglio.pdf"
"125","Halicarcinus planatus","Eurypodius latreillei","Comoglio (1994)","https://bibliotecadigital.exactas.uba.ar/download/tesis/tesis_n2640_Comoglio.pdf"
"126","Isopoda","Eurypodius latreillei","Comoglio (1994)","https://bibliotecadigital.exactas.uba.ar/download/tesis/tesis_n2640_Comoglio.pdf"
"127","Pagurus sp.","Eurypodius latreillei","Comoglio (1994)","https://bibliotecadigital.exactas.uba.ar/download/tesis/tesis_n2640_Comoglio.pdf"
"128","Detritus","Exosphaeroma gigas","",""
"129","Brown algae","Fissurella oriens","Andrade (pers. comm.)",""
"130","Brown algae","Fissurella radiosa","Andrade (pers. comm.)",""
"131","Copepoda","Foraminifera","","https://www.researchgate.net/profile/Bruce-Hayward/publication/351275033_Molecular_and_morphological_taxonomy_of_living_Ammonia_and_related_taxa_Foraminifera_and_their_biogeography/links/60da697592851ca94493fa31/Molecular-and-morphological-taxonomy-of-living-Ammonia-and-related-taxa-Foraminifera-and-their-biogeography.pdf"
"132","Phytodetritus","Foraminifera","","https://www.researchgate.net/profile/Bruce-Hayward/publication/351275033_Molecular_and_morphological_taxonomy_of_living_Ammonia_and_related_taxa_Foraminifera_and_their_biogeography/links/60da697592851ca94493fa31/Molecular-and-morphological-taxonomy-of-living-Ammonia-and-related-taxa-Foraminifera-and-their-biogeography.pdf"
"133","Phytoplankton","Foraminifera","","https://www.researchgate.net/profile/Bruce-Hayward/publication/351275033_Molecular_and_morphological_taxonomy_of_living_Ammonia_and_related_taxa_Foraminifera_and_their_biogeography/links/60da697592851ca94493fa31/Molecular-and-morphological-taxonomy-of-living-Ammonia-and-related-taxa-Foraminifera-and-their-biogeography.pdf"
"134","Phytoplankton","Gaimardia trapesina","",""
"135","Detritus","Gammaridae","",""
"136","Phytoplankton","Gammaridae","",""
"137","Zooplankton","Gammaridae","",""
"138","Phytoplankton","Gastropoda","",""
"139","Amphipoda","Genypterus blacodes","Haro D. (2019)","https://repositorio.uchile.cl/handle/2250/187376"
"140","Benthic decapoda","Genypterus blacodes","Andrade (pers. comm.)",""
"141","Merluccius sp.","Genypterus blacodes","Haro D. (2019)","https://repositorio.uchile.cl/handle/2250/187376"
"142","Odontesthes sp.","Genypterus blacodes","Haro D. (2019)","https://repositorio.uchile.cl/handle/2250/187376"
"143","Patagonotothen sp.","Genypterus blacodes","Haro D. (2019)","https://repositorio.uchile.cl/handle/2250/187376"
"144","Sprattus fuegensis","Genypterus blacodes","Zuleta & Rubilar (2010)","http://docplayer.es/46981536-Impacto-del-desarrollo-de-una-pesqueria-de-sardina-austral-sprattus-fueguensis-en-aguas-interiores-de-las-regiones-x-xii.html"
"145","Detritus","Halicarcinus planatus","C. Andrade (pers. comm.)",""
"146","Amphipoda","Harpagifer bispinis","Hüne & Vega (2016)",""
"147","Exosphaeroma gigas","Harpagifer bispinis","Hüne & Vega (2016)",""
"148","Isopoda","Harpagifer bispinis","Andrade (pers. comm.)",""
"149","Polychaeta","Harpagifer bispinis","Hüne & Rivera (2010)",""
"150","Tanaidae","Harpagifer bispinis","Hüne & Vega (2016)",""
"151","Detritus","Hydrozoa","",""
"152","Phytoplankton","Hydrozoa","",""
"153","Zooplankton","Hydrozoa","",""
"154","Amphipoda","Illex argentinus","","https://aquadocs.org/bitstream/handle/1834/4224/Rev%20Invest%20Desarr%20Pesq%2020%2051-63.pdf?sequence=1&isAllowed=y"
"155","Copepoda","Illex argentinus","","https://aquadocs.org/bitstream/handle/1834/4224/Rev%20Invest%20Desarr%20Pesq%2020%2051-63.pdf?sequence=1&isAllowed=y"
"156","Doryteuthis gahi","Illex argentinus","","https://aquadocs.org/bitstream/handle/1834/4224/Rev%20Invest%20Desarr%20Pesq%2020%2051-63.pdf?sequence=1&isAllowed=y"
"157","Euphausia lucens","Illex argentinus","","https://aquadocs.org/bitstream/handle/1834/4224/Rev%20Invest%20Desarr%20Pesq%2020%2051-63.pdf?sequence=1&isAllowed=y"
"158","Brown algae","Isopoda","",""
"159","Detritus","Isopoda","",""
"160","Phytodetritus","Isopoda","",""
"161","Exosphaeroma gigas","Labidiaster radiosus","C. Andrade (pers. comm.)",""
"162","Eleginops maclovinus","Lagenorhynchus australis","Schiavini et al. (1997)",""
"163","Enteroctopus megalocyathus","Lagenorhynchus australis","Schiavini et al. (1997)","https://www.vliz.be/imisdocs/publications/232079.pdf"
"164","Genypterus blacodes","Lagenorhynchus australis","Schiavini et al. (1997)","https://www.vliz.be/imisdocs/publications/232079.pdf"
"165","Illex argentinus","Lagenorhynchus australis","Schiavini et al. (1997)",""
"166","Macruronus magellanicus","Lagenorhynchus australis","Schiavini et al. (1997)","https://www.vliz.be/imisdocs/publications/232079.pdf"
"167","Myxine australis","Lagenorhynchus australis","Schiavini et al. (1997)","https://www.vliz.be/imisdocs/publications/232079.pdf"
"168","Patagonotothen tessellata","Lagenorhynchus australis","Viddi & Lescrauwaet (2005)","https://www.vliz.be/imisdocs/publications/ocrd/102931.pdf"
"169","Salilota australis","Lagenorhynchus australis","Schiavini et al. (1997)","https://www.vliz.be/imisdocs/publications/232079.pdf"
"170","Salp","Lagenorhynchus australis","Schiavini et al. (1997)","https://oceanrep.geomar.de/id/eprint/53025"
"171","Zoarcidae","Lagenorhynchus australis","","https://oceanrep.geomar.de/id/eprint/53025/1/3857.pdf"
"172","Bivalvia","Larus dominicanus","Gordillo et al. (2020)","https://www.cambridge.org/core/journals/journal-of-the-marine-biological-association-of-the-united-kingdom/article/abs/naticid-drilling-predation-from-tidal-flats-in-northern-patagonia-sw-atlantic/3EB5A0897064DF2E2381CE9844F5F348"
"173","Gastropoda","Larus dominicanus","Hockey (1988)","https://doi.org/10.1007/BF00379614"
"174","Mytilus sp.","Larus dominicanus","Andrade (pers. comm.)",""
"175","Bassanago sp.","Lithodes santolla","Andrade et al. (2022)","https://www.mdpi.com/1424-2818/14/1/67"
"176","Bivalvia","Lithodes santolla","Andrade et al. (2022)","https://www.mdpi.com/1424-2818/14/1/64"
"177","Brown algae","Lithodes santolla","Andrade et al. (2022)","https://www.mdpi.com/1424-2818/14/1/56"
"178","Bryozoa","Lithodes santolla","Andrade et al. (2022)","https://www.mdpi.com/1424-2818/14/1/58"
"179","Cephalopoda","Lithodes santolla","Andrade et al. (2022)","https://www.mdpi.com/1424-2818/14/1/66"
"180","Detritus","Lithodes santolla","Andrade et al. (2022)","https://www.mdpi.com/1424-2818/14/1/69"
"181","Foraminifera","Lithodes santolla","Andrade et al. (2022)","https://www.mdpi.com/1424-2818/14/1/60"
"182","Gastropoda","Lithodes santolla","Andrade et al. (2022)","https://www.mdpi.com/1424-2818/14/1/65"
"183","Hydrozoa","Lithodes santolla","Andrade et al. (2022)","https://www.mdpi.com/1424-2818/14/1/57"
"184","Lithodes santolla","Lithodes santolla","Andrade et al. (2022)","https://www.mdpi.com/1424-2818/14/1/63"
"185","Polychaeta","Lithodes santolla","Andrade et al. (2022)","https://www.mdpi.com/1424-2818/14/1/61"
"186","Porifera","Lithodes santolla","Andrade et al. (2022)","https://www.mdpi.com/1424-2818/14/1/59"
"187","Pseudechinus magellanicus","Lithodes santolla","Andrade et al. (2022)","https://www.mdpi.com/1424-2818/14/1/62"
"188","Red algae","Lithodes santolla","Andrade et al. (2022)",""
"189","Sediment","Lithodes santolla","Andrade et al. (2022)","https://www.mdpi.com/1424-2818/14/1/68"
"190","Amphipoda","Lithodes santolla (juvenile)","Pardo et al.(2021)","https://www.mdpi.com/1424-2818/13/11/556"
"191","Benthic decapoda","Lithodes santolla (juvenile)","Pardo et al.(2021)","https://www.mdpi.com/1424-2818/13/11/556"
"192","Bivalvia","Lithodes santolla (juvenile)","Pardo et al.(2021)","https://www.mdpi.com/1424-2818/13/11/557"
"193","Brown algae","Lithodes santolla (juvenile)","Pardo et al.(2021)","https://www.mdpi.com/1424-2818/13/11/558"
"194","Foraminifera","Lithodes santolla (juvenile)","Pardo et al.(2021)","https://www.mdpi.com/1424-2818/13/11/561"
"195","Green algae","Lithodes santolla (juvenile)","Pardo et al.(2021)",""
"196","Hydrozoa","Lithodes santolla (juvenile)","Pardo et al.(2021)","https://www.mdpi.com/1424-2818/13/11/560"
"197","Nacella deaurata","Lithodes santolla (juvenile)","Pardo et al.(2021)","https://www.mdpi.com/1424-2818/13/11/561"
"198","Polychaeta","Lithodes santolla (juvenile)","Pardo et al.(2021)","https://www.mdpi.com/1424-2818/13/11/561"
"199","Polyplacophora","Lithodes santolla (juvenile)","Pardo et al.(2021)","https://www.mdpi.com/1424-2818/13/11/561"
"200","Porifera","Lithodes santolla (juvenile)","Pardo et al.(2021)","https://www.mdpi.com/1424-2818/13/11/561"
"201","Pseudechinus magellanicus","Lithodes santolla (juvenile)","Pardo et al.(2021)","https://www.mdpi.com/1424-2818/13/11/561"
"202","Sediment","Lithodes santolla (juvenile)","Pardo et al.(2021)","https://www.mdpi.com/1424-2818/13/11/559"
"203","Benthic decapoda","Lontra felina","Córdova et al. (2009)","https://www.scielo.cl/scielo.php?pid=S0718-19572009000200016&script=sci_arttext"
"204","Cottoperca gobio","Lontra felina","Córdova et al. (2009)","https://www.scielo.cl/scielo.php?pid=S0718-19572009000200016&script=sci_arttext"
"205","Harpagifer bispinis","Lontra felina","Córdova et al. (2009)","https://www.scielo.cl/scielo.php?pid=S0718-19572009000200016&script=sci_arttext"
"206","Patagonotothen sp.","Lontra felina","Córdova et al. (2009)","https://www.scielo.cl/scielo.php?pid=S0718-19572009000200016&script=sci_arttext"
"207","Prolatilus jugularis","Lontra felina","Córdova et al. (2009)","https://www.scielo.cl/scielo.php?pid=S0718-19572009000200016&script=sci_arttext"
"208","Brown algae","Loxechinus albus","Castilla (1985)","https://www.academia.edu/download/31744106/Castilla_Moreno_1982.pdf"
"209","Harpagifer bispinis","Loxechinus albus","Andrade (pers. comm.)",""
"210","Red algae","Loxechinus albus","Castilla (1985)","https://www.academia.edu/download/31744106/Castilla_Moreno_1982.pdf"
"211","Sprattus fuegensis","Macruronus magellanicus","Zuleta & Rubilar (2010)","http://docplayer.es/46981536-Impacto-del-desarrollo-de-una-pesqueria-de-sardina-austral-sprattus-fueguensis-en-aguas-interiores-de-las-regiones-x-xii.html"
"212","Benthic decapoda","Macruronus magellanicus","Acevedo (2013)","https://aquadocs.org/handle/1834/6952"
"213","Brown algae","Margarella violacea","C. Andrade (pers. comm.)",""
"214","Euphausia vallentini","Martialia hyadesii","Hughes (2010)","https://figshare.utas.edu.au/articles/thesis/Determining_the_unknown_in_Southern_Ocean_squid_distribution_and_diet_of_Histeoteuthis_eltaninae_and_Martialia_hyadesi/23230271/1"
"215","Bivalvia (larvae)","Maurolicus australis (larvae)","Landaeta et al. (2011)",""
"216","Calanoid (copepodite)","Maurolicus australis (larvae)","Landaeta et al. (2011)",""
"217","Copepoda (egg)","Maurolicus australis (larvae)","Landaeta et al. (2011)",""
"218","Copepoda (nauplius)","Maurolicus australis (larvae)","Landaeta et al. (2011)",""
"219","Amphipoda","Megaptera novaeangliae","Haro D. (2019)","https://repositorio.uchile.cl/handle/2250/187376"
"220","Benthic decapoda","Megaptera novaeangliae","Haro D. (2013)","https://repositorio.anid.cl/entities/tesis/406746d0-8cbf-4a5f-a5f8-6812504b84a2"
"221","Euphausia lucens","Megaptera novaeangliae","Haro D. (2019)","https://repositorio.uchile.cl/handle/2250/187376"
"222","Euphausia vallentini","Megaptera novaeangliae","Haro D. (2019)","https://repositorio.uchile.cl/handle/2250/187376"
"223","Sprattus fuegensis","Megaptera novaeangliae","Haro D. (2013)","https://repositorio.anid.cl/entities/tesis/406746d0-8cbf-4a5f-a5f8-6812504b84a2"
"224","Sprattus fuegensis","Merluccius australis","Zuleta & Rubilar (2010)","http://docplayer.es/46981536-Impacto-del-desarrollo-de-una-pesqueria-de-sardina-austral-sprattus-fueguensis-en-aguas-interiores-de-las-regiones-x-xii.html"
"225","Benthic decapoda","Merluccius sp.","","https://www.researchgate.net/profile/Aldo-Hernandez-22/publication/283868315_Prey_composition_and_estimation_of_QB_for_the_Chilean_hake_Merluccius_gayi_Gadiformes_Merluccidae_in_the_central-south_area_off_Chile_34_-_40S/links/56fa6ded08ae95e8b6d4a2dc/Prey-composition-and-estimation-of-Q-B-for-the-Chilean-hake-Merluccius-gayi-Gadiformes-Merluccidae-in-the-central-south-area-off-Chile-34-40S.pdf"
"226","Bryozoa","Merluccius sp.","","https://www.sciencedirect.com/science/article/abs/pii/S2352485518304250"
"227","Doryteuthis gahi","Merluccius sp.","","https://www.researchgate.net/profile/Aldo-Hernandez-22/publication/283868315_Prey_composition_and_estimation_of_QB_for_the_Chilean_hake_Merluccius_gayi_Gadiformes_Merluccidae_in_the_central-south_area_off_Chile_34_-_40S/links/56fa6ded08ae95e8b6d4a2dc/Prey-composition-and-estimation-of-Q-B-for-the-Chilean-hake-Merluccius-gayi-Gadiformes-Merluccidae-in-the-central-south-area-off-Chile-34-40S.pdf"
"228","Macruronus magellanicus","Merluccius sp.","","https://www.researchgate.net/profile/Aldo-Hernandez-22/publication/283868315_Prey_composition_and_estimation_of_QB_for_the_Chilean_hake_Merluccius_gayi_Gadiformes_Merluccidae_in_the_central-south_area_off_Chile_34_-_40S/links/56fa6ded08ae95e8b6d4a2dc/Prey-composition-and-estimation-of-Q-B-for-the-Chilean-hake-Merluccius-gayi-Gadiformes-Merluccidae-in-the-central-south-area-off-Chile-34-40S.pdf"
"229","Myctophidae","Merluccius sp.","","https://www.researchgate.net/profile/Aldo-Hernandez-22/publication/283868315_Prey_composition_and_estimation_of_QB_for_the_Chilean_hake_Merluccius_gayi_Gadiformes_Merluccidae_in_the_central-south_area_off_Chile_34_-_40S/links/56fa6ded08ae95e8b6d4a2dc/Prey-composition-and-estimation-of-Q-B-for-the-Chilean-hake-Merluccius-gayi-Gadiformes-Merluccidae-in-the-central-south-area-off-Chile-34-40S.pdf"
"230","Pseudechinus magellanicus","Merluccius sp.","","https://www.sciencedirect.com/science/article/abs/pii/S2352485518304250"
"231","Detritus","Munida gregaria","Andrade (pers. comm.)",""
"232","Green algae","Munida gregaria","Andrade (pers. comm.)",""
"233","Isopoda","Munida gregaria","Andrade (pers. comm.)",""
"234","Phytodetritus","Munida gregaria","Andrade (pers. comm.)",""
"235","Porifera","Munida gregaria","Andrade (pers. comm.)",""
"236","Odontesthes sp.","Mustelus mento","Vargas et al. (1999)","https://www.scielo.sa.cr/scielo.php?script=sci_arttext&pid=S0034-77441999000300034"
"237","Pagurus sp.","Mustelus mento","Silva-Garay et al. (2018)","https://link.springer.com/article/10.1007/s10641-018-0797-0"
"238","Copepoda","Myctophidae","","https://link.springer.com/article/10.1007/BF00349518"
"239","Phytoplankton","Mytilus sp.","Mutschke et al. (1998)","https://www.researchgate.net/publication/234585529_Situacion_actual_de_la_macrofauna_presente_en_el_intermareal_de_bloques_y_cantos_de_Bahia_Laredo_Estrecho_de_Magallanes"
"240","Zooplankton","Mytilus sp.","Mutschke et al. (1998)","https://www.researchgate.net/publication/234585529_Situacion_actual_de_la_macrofauna_presente_en_el_intermareal_de_bloques_y_cantos_de_Bahia_Laredo_Estrecho_de_Magallanes"
"241","Detritus","Myxine australis","GloBI","https://www.globalbioticinteractions.org/browse/?interactionType=interactsWith&resultType=json&sourceTaxon=Myxine"
"242","Amphipoda","Nacella deaurata","Rosenfeld et al. (2018)","https://www.ncbi.nlm.nih.gov/pmc/articles/PMC5904503/"
"243","Benthic diatom","Nacella deaurata","Rosenfeld et al. (2018)","https://www.ncbi.nlm.nih.gov/pmc/articles/PMC5904503/"
"244","Bivalvia","Nacella deaurata","Andrade C & Brey T (2014)","https://www.scielo.cl/scielo.php?pid=S0718-686X2014000200006&script=sci_abstract&tlng=en"
"245","Brown algae","Nacella deaurata","Rosenfeld et al. (2018)","https://www.ncbi.nlm.nih.gov/pmc/articles/PMC5904503/"
"246","Chironomidae","Nacella deaurata","Rosenfeld et al. (2018)","https://www.ncbi.nlm.nih.gov/pmc/articles/PMC5904503/"
"247","Cirripedia","Nacella deaurata","Rosenfeld et al. (2018)","https://www.ncbi.nlm.nih.gov/pmc/articles/PMC5904503/"
"248","Cyanobacteria","Nacella deaurata","Rosenfeld et al. (2018)","https://www.ncbi.nlm.nih.gov/pmc/articles/PMC5904503/"
"249","Detritus","Nacella deaurata","Rosenfeld et al. (2018)","https://www.ncbi.nlm.nih.gov/pmc/articles/PMC5904503/"
"250","Foraminifera","Nacella deaurata","Andrade C & Brey T (2014)","https://www.scielo.cl/scielo.php?pid=S0718-686X2014000200006&script=sci_abstract&tlng=en"
"251","Gastropoda","Nacella deaurata","Rosenfeld et al. (2018)","https://www.ncbi.nlm.nih.gov/pmc/articles/PMC5904503/"
"252","Green algae","Nacella deaurata","Andrade C & Brey T (2014)","https://www.scielo.cl/scielo.php?pid=S0718-686X2014000200006&script=sci_abstract&tlng=en"
"253","Margarella violacea","Nacella deaurata","Rosenfeld et al. (2018)","https://www.ncbi.nlm.nih.gov/pmc/articles/PMC5904503/"
"254","Mytilus sp.","Nacella deaurata","Rosenfeld et al. (2018)","https://www.ncbi.nlm.nih.gov/pmc/articles/PMC5904503/"
"255","Ostracoda","Nacella deaurata","Rosenfeld et al. (2018)","https://www.ncbi.nlm.nih.gov/pmc/articles/PMC5904503/"
"256","Plankton diatom","Nacella deaurata","Rosenfeld et al. (2018)","https://www.ncbi.nlm.nih.gov/pmc/articles/PMC5904503/"
"257","Red algae","Nacella deaurata","Rosenfeld et al. (2018)","https://www.ncbi.nlm.nih.gov/pmc/articles/PMC5904503/"
"258","Benthic diatom","Nacella magellanica","Rosenfeld et al. (2018)","https://www.ncbi.nlm.nih.gov/pmc/articles/PMC5904503/"
"259","Bivalvia","Nacella magellanica","Andrade C & Brey T (2014)","https://www.scielo.cl/scielo.php?pid=S0718-686X2014000200006&script=sci_abstract&tlng=en"
"260","Brown algae","Nacella magellanica","Rosenfeld et al. (2018)","https://www.ncbi.nlm.nih.gov/pmc/articles/PMC5904503/"
"261","Chironomidae","Nacella magellanica","Rosenfeld et al. (2018)","https://www.ncbi.nlm.nih.gov/pmc/articles/PMC5904503/"
"262","Cirripedia","Nacella magellanica","Rosenfeld et al. (2018)","https://www.ncbi.nlm.nih.gov/pmc/articles/PMC5904503/"
"263","Cyanobacteria","Nacella magellanica","Rosenfeld et al. (2018)","https://www.ncbi.nlm.nih.gov/pmc/articles/PMC5904503/"
"264","Detritus","Nacella magellanica","Rosenfeld et al. (2018)","https://www.ncbi.nlm.nih.gov/pmc/articles/PMC5904503/"
"265","Foraminifera","Nacella magellanica","Andrade C & Brey T (2014)","https://www.scielo.cl/scielo.php?pid=S0718-686X2014000200006&script=sci_abstract&tlng=en"
"266","Gastropoda","Nacella magellanica","Rosenfeld et al. (2018)","https://www.ncbi.nlm.nih.gov/pmc/articles/PMC5904503/"
"267","Green algae","Nacella magellanica","Andrade C & Brey T (2014)","https://www.scielo.cl/scielo.php?pid=S0718-686X2014000200006&script=sci_abstract&tlng=en"
"268","Margarella violacea","Nacella magellanica","Rosenfeld et al. (2018)","https://www.ncbi.nlm.nih.gov/pmc/articles/PMC5904503/"
"269","Mytilus sp.","Nacella magellanica","Rosenfeld et al. (2018)","https://www.ncbi.nlm.nih.gov/pmc/articles/PMC5904503/"
"270","Notochthamalus scabrosus","Nacella magellanica","Rosenfeld et al. (2018)","https://www.ncbi.nlm.nih.gov/pmc/articles/PMC5904503/"
"271","Ostracoda","Nacella magellanica","Rosenfeld et al. (2018)","https://www.ncbi.nlm.nih.gov/pmc/articles/PMC5904503/"
"272","Phytoplankton","Nacella magellanica","Rosenfeld et al. (2018)","https://www.ncbi.nlm.nih.gov/pmc/articles/PMC5904503/"
"273","Plankton diatom","Nacella magellanica","Rosenfeld et al. (2018)","https://www.ncbi.nlm.nih.gov/pmc/articles/PMC5904503/"
"274","Red algae","Nacella magellanica","Rosenfeld et al. (2018)","https://www.ncbi.nlm.nih.gov/pmc/articles/PMC5904503/"
"275","Brown algae","Nacella mytilina","Andrade (pers. comm.)",""
"276","Phytodetritus","Nacella mytilina","Andrade (pers. comm.)",""
"277","Phytoplankton","Nacella mytilina","Mutschke et al. (1998)","https://www.researchgate.net/publication/234585529_Situacion_actual_de_la_macrofauna_presente_en_el_intermareal_de_bloques_y_cantos_de_Bahia_Laredo_Estrecho_de_Magallanes"
"278","Phytoplankton","Notochthamalus scabrosus","",""
"279","Amphipoda","Odontesthes sp.","Antezana (pers. comm)",""
"280","Bivalvia","Odontesthes sp.","Gordillo et al. (2020)","https://www.cambridge.org/core/journals/journal-of-the-marine-biological-association-of-the-united-kingdom/article/abs/naticid-drilling-predation-from-tidal-flats-in-northern-patagonia-sw-atlantic/3EB5A0897064DF2E2381CE9844F5F348"
"281","Benthic decapoda","Oncorhynchus sp.","Hüne et al. (2018)","https://polarresearch.net/index.php/polar/article/view/2632/6024"
"282","Phytodetritus","Ophiactis asperula","Rivera (pers. Comm)",""
"283","Benthic decapoda","Ophiuroglypha lymani","Dahm (1999)","https://scientiamarina.revistas.csic.es/index.php/scientiamarina/article/view/930/973"
"284","Bivalvia","Ophiuroglypha lymani","Dahm (1999)","https://scientiamarina.revistas.csic.es/index.php/scientiamarina/article/view/930/978"
"285","Brown algae","Ophiuroglypha lymani","Dahm (1999)","https://scientiamarina.revistas.csic.es/index.php/scientiamarina/article/view/930/977"
"286","Bryozoa","Ophiuroglypha lymani","Dahm (1999)","https://scientiamarina.revistas.csic.es/index.php/scientiamarina/article/view/930/979"
"287","Detritus","Ophiuroglypha lymani","Dahm (1999)","https://scientiamarina.revistas.csic.es/index.php/scientiamarina/article/view/930/974"
"288","Phytodetritus","Ophiuroglypha lymani","Dahm (1999)","https://scientiamarina.revistas.csic.es/index.php/scientiamarina/article/view/930/972"
"289","Sediment","Ophiuroglypha lymani","Dahm (1999)","https://scientiamarina.revistas.csic.es/index.php/scientiamarina/article/view/930/976"
"290","Dissostichus eleginoides","Orcinus orca","Capella et al. (2014)","https://link.springer.com/article/10.1007/s00300-014-1535-5"
"291","Otaria flavescens","Orcinus orca","Capella et al. (1999)","http://bibliotecadigital.umag.cl/handle/20.500.11893/1444"
"292","Tachyeres pteneres","Orcinus orca","Capella et al. (1999)","http://bibliotecadigital.umag.cl/handle/20.500.11893/1445"
"293","Detritus","Ostracoda","",""
"294","Phytoplankton","Ostracoda","Cañete (pers. comm.)",""
"295","Zooplankton","Ostracoda","",""
"296","Benthic decapoda","Otaria flavescens","Sepúlveda et al. (2016)","https://onlinelibrary.wiley.com/doi/full/10.1111/mms.12379"
"297","Callorhinchus callorynchus","Otaria flavescens","Sepúlveda et al. (2016)","https://onlinelibrary.wiley.com/doi/full/10.1111/mms.12393"
"298","Cilus gilberti","Otaria flavescens","Sepúlveda et al. (2016)","https://onlinelibrary.wiley.com/doi/full/10.1111/mms.12391"
"299","Eleginops maclovinus","Otaria flavescens","Sepúlveda et al. (2016)","https://onlinelibrary.wiley.com/doi/full/10.1111/mms.12383"
"300","Genypterus blacodes","Otaria flavescens","Sepúlveda et al. (2016)","https://onlinelibrary.wiley.com/doi/full/10.1111/mms.12392"
"301","Merluccius australis","Otaria flavescens","Sepúlveda et al. (2016)","https://onlinelibrary.wiley.com/doi/full/10.1111/mms.12390"
"302","Mustelus mento","Otaria flavescens","Sepúlveda et al. (2016)","https://onlinelibrary.wiley.com/doi/full/10.1111/mms.12384"
"303","Odontesthes sp.","Otaria flavescens","Sepúlveda et al. (2016)","https://onlinelibrary.wiley.com/doi/full/10.1111/mms.12387"
"304","Oncorhynchus sp.","Otaria flavescens","Sepúlveda et al. (2016)","https://onlinelibrary.wiley.com/doi/full/10.1111/mms.12381"
"305","Paralabrax humeralis","Otaria flavescens","Sepúlveda et al. (2016)","https://onlinelibrary.wiley.com/doi/full/10.1111/mms.12386"
"306","Pinguipes chilensis","Otaria flavescens","Sepúlveda et al. (2016)","https://onlinelibrary.wiley.com/doi/full/10.1111/mms.12394"
"307","Salmo salar","Otaria flavescens","Sepúlveda et al. (2016)","https://onlinelibrary.wiley.com/doi/full/10.1111/mms.12382"
"308","Sprattus fuegensis","Otaria flavescens","Sepúlveda et al. (2016)","https://onlinelibrary.wiley.com/doi/full/10.1111/mms.12388"
"309","Thyrsites atun","Otaria flavescens","Sepúlveda et al. (2016)","https://onlinelibrary.wiley.com/doi/full/10.1111/mms.12385"
"310","Trachurus murphyi","Otaria flavescens","Sepúlveda et al. (2016)","https://onlinelibrary.wiley.com/doi/full/10.1111/mms.12389"
"311","Detritus","Pagurus sp.","C. Andrade (pers. comm.)",""
"312","Plankton diatom","Paracalanus indicus","Aguilera et al. (2011)","https://www.tandfonline.com/doi/abs/10.1080/17451000.2010.499437"
"313","Detritus","Paraeuthria fuscata","Andrade C (2009)",""
"314","Amphipoda","Paralomis granulosa","Andrade (pers. comm.)",""
"315","Brown algae","Paralomis granulosa","Andrade (pers. comm.)",""
"316","Bryozoa","Paralomis granulosa","Andrade (pers. comm.)",""
"317","Detritus","Paralomis granulosa","Andrade (pers. comm.)",""
"318","Enteroctopus megalocyathus","Paralomis granulosa","Andrade (pers. comm.)",""
"319","Foraminifera","Paralomis granulosa","Andrade (pers. comm.)",""
"320","Gastropoda","Paralomis granulosa","Cañete et al. (2021)","https://www.scielo.br/j/nau/a/DwGRczmMrxWjByhxjy8GHhD/"
"321","Hydrozoa","Paralomis granulosa","Andrade (pers. comm.)",""
"322","Mytilus sp.","Paralomis granulosa","Andrade (pers. comm.)",""
"323","Polychaeta","Paralomis granulosa","Andrade (pers. comm.)",""
"324","Porifera","Paralomis granulosa","Andrade (pers. comm.)",""
"325","Pseudechinus magellanicus","Paralomis granulosa","Andrade (pers. comm.)",""
"326","Red algae","Paralomis granulosa","Andrade (pers. comm.)",""
"327","Benthic decapoda","Patagonotothen cornucola","Hüne et al. (2018)","https://polarresearch.net/index.php/polar/article/view/2632/6022"
"328","Exosphaeroma gigas","Patagonotothen cornucola","Hüne & Vega (2016)",""
"329","Amphipoda","Patagonotothen sima","","https://www.researchgate.net/publication/275890486_Peces_del_Sur_de_Chile"
"330","Benthic decapoda","Patagonotothen sima","","https://www.researchgate.net/publication/275890486_Peces_del_Sur_de_Chile"
"331","Copepoda","Patagonotothen sima","","https://www.researchgate.net/publication/275890486_Peces_del_Sur_de_Chile"
"332","Polychaeta","Patagonotothen sima","","https://www.researchgate.net/publication/275890486_Peces_del_Sur_de_Chile"
"333","Benthic decapoda","Patagonotothen sp.","",""
"334","Brown algae","Patagonotothen sp.","",""
"335","Exosphaeroma gigas","Patagonotothen sp.","",""
"336","Polychaeta","Patagonotothen sp.","",""
"337","Amphipoda","Patagonotothen tessellata","Hüne et al. (2018)","https://polarresearch.net/index.php/polar/article/view/2632/6020"
"338","Benthic decapoda","Patagonotothen tessellata","Hüne et al. (2018)","https://polarresearch.net/index.php/polar/article/view/2632/6021"
"339","Chironomidae","Patagonotothen tessellata","Hüne & Vega (2015)","https://link.springer.com/article/10.1007/s00300-015-1726-13"
"340","Green algae","Patagonotothen tessellata","Hüne & Vega (2015)","https://link.springer.com/article/10.1007/s00300-015-1726-11"
"341","Ostracoda","Patagonotothen tessellata","Hüne & Vega (2015)","https://link.springer.com/article/10.1007/s00300-015-1726-10"
"342","Patagonotothen sp.","Patagonotothen tessellata","Hüne et al. (2023)",""
"343","Polychaeta","Patagonotothen tessellata","Hüne & Vega (2015)","https://link.springer.com/article/10.1007/s00300-015-1726-8"
"344","Red algae","Patagonotothen tessellata","Hüne & Vega (2015)","https://link.springer.com/article/10.1007/s00300-015-1726-12"
"345","Bivalvia (larvae)","Patagonotothen tessellata (larvae)","Salas-Berrios et al. (2013)","https://link.springer.com/article/10.1007/s00300-013-1359-8"
"346","Calanoid (copepodite)","Patagonotothen tessellata (larvae)","Salas-Berrios et al. (2013)","https://link.springer.com/article/10.1007/s00300-013-1359-8"
"347","Copepoda","Patagonotothen tessellata (larvae)","Salas-Berrios et al. (2013)","https://link.springer.com/article/10.1007/s00300-013-1359-8"
"348","Copepoda (egg)","Patagonotothen tessellata (larvae)","Salas-Berrios et al. (2013)","https://link.springer.com/article/10.1007/s00300-013-1359-8"
"349","Copepoda (nauplius)","Patagonotothen tessellata (larvae)","Salas-Berrios et al. (2013)","https://link.springer.com/article/10.1007/s00300-013-1359-8"
"350","Paracalanus indicus","Patagonotothen tessellata (larvae)","Salas-Berrios et al. (2013)","https://link.springer.com/article/10.1007/s00300-013-1359-8"
"351","Pluteus (larva)","Patagonotothen tessellata (larvae)","Salas-Berrios et al. (2013)","https://link.springer.com/article/10.1007/s00300-013-1359-8"
"352","Nacella deaurata","Peltarion spinulosum","","https://link.springer.com/article/10.1007/s10530-022-02806-6"
"353","Phytoplankton","Perumytilus purpuratus","",""
"354","Zooplankton","Perumytilus purpuratus","",""
"355","Amphipoda","Pinguipes chilensis","González & Oyarzún (2003)","https://onlinelibrary.wiley.com/doi/full/10.1111/j.1439-0426.2003.00444.x?casa_token=AbNjCPTg-P4AAAAA%3Az5Ua1HLrjp6Mfb0bulTPDtXlWtmLhPMnmq2lvzYFAPRzFWIdJhpKCdBHjuCJWJBQMdHupNJmU_fDt6A"
"356","Aulacomya atra","Pinguipes chilensis","González & Oyarzún (2003)","https://onlinelibrary.wiley.com/doi/full/10.1111/j.1439-0426.2003.00444.x?casa_token=AbNjCPTg-P4AAAAA%3Az5Ua1HLrjp6Mfb0bulTPDtXlWtmLhPMnmq2lvzYFAPRzFWIdJhpKCdBHjuCJWJBQMdHupNJmU_fDt6A"
"357","Doryteuthis gahi","Pinguipes chilensis","González & Oyarzún (2003)","https://onlinelibrary.wiley.com/doi/full/10.1111/j.1439-0426.2003.00444.x?casa_token=AbNjCPTg-P4AAAAA%3Az5Ua1HLrjp6Mfb0bulTPDtXlWtmLhPMnmq2lvzYFAPRzFWIdJhpKCdBHjuCJWJBQMdHupNJmU_fDt6A"
"358","Odontesthes sp.","Pinguipes chilensis","",""
"359","Pagurus sp.","Pinguipes chilensis","González & Oyarzún (2003)","https://onlinelibrary.wiley.com/doi/full/10.1111/j.1439-0426.2003.00444.x?casa_token=AbNjCPTg-P4AAAAA%3Az5Ua1HLrjp6Mfb0bulTPDtXlWtmLhPMnmq2lvzYFAPRzFWIdJhpKCdBHjuCJWJBQMdHupNJmU_fDt6A"
"360","Polychaeta","Pinguipes chilensis","González & Oyarzún (2003)","https://onlinelibrary.wiley.com/doi/full/10.1111/j.1439-0426.2003.00444.x?casa_token=AbNjCPTg-P4AAAAA%3Az5Ua1HLrjp6Mfb0bulTPDtXlWtmLhPMnmq2lvzYFAPRzFWIdJhpKCdBHjuCJWJBQMdHupNJmU_fDt6A"
"361","Brown algae","Platynereis australis","Montiel (pers. comm.)",""
"362","Detritus","Platynereis australis","Montiel (pers. comm.)",""
"363","Benthic diatom","Plaxiphora aurata","Andrade (pers. comm.)",""
"364","Phytodetritus","Plaxiphora aurata","C. Andrade (pers. comm.)",""
"365","Zooplankton","Pluteus (larva)","",""
"366","Benthic diatom","Polychaeta","Fauchald (1979)","https://repository.si.edu/bitstream/handle/10088/3422/OMBARFauchald1979.pdf"
"367","Brown algae","Polychaeta","Fauchald (1979)","https://repository.si.edu/bitstream/handle/10088/3422/OMBARFauchald1979.pdf"
"368","Copepoda","Polychaeta","Fauchald (1979)","https://repository.si.edu/bitstream/handle/10088/3422/OMBARFauchald1979.pdf"
"369","Detritus","Polychaeta","Fauchald (1979)","https://repository.si.edu/bitstream/handle/10088/3422/OMBARFauchald1979.pdf"
"370","Green algae","Polychaeta","Fauchald (1979)","https://repository.si.edu/bitstream/handle/10088/3422/OMBARFauchald1979.pdf"
"371","Ostracoda","Polychaeta","Fauchald (1979)","https://repository.si.edu/bitstream/handle/10088/3422/OMBARFauchald1979.pdf"
"372","Red algae","Polychaeta","Fauchald (1979)","https://repository.si.edu/bitstream/handle/10088/3422/OMBARFauchald1979.pdf"
"373","Zooplankton","Polychaeta","Fauchald (1979)","https://repository.si.edu/bitstream/handle/10088/3422/OMBARFauchald1979.pdf"
"374","Bryozoa","Polyplacophora","",""
"375","Detritus","Polyplacophora","",""
"376","Phytoplankton","Polyplacophora","",""
"377","Zooplankton","Polyplacophora","",""
"378","Detritus","Porifera","",""
"379","Phytoplankton","Porifera","",""
"380","Amphipoda","Prolatilus jugularis","Reyes & Hüne (2012)","Peces del sur de Chile"
"381","Pagurus sp.","Prolatilus jugularis","Reyes & Hüne (2012)","Peces del sur de Chile"
"382","Polychaeta","Prolatilus jugularis","","http://opac.pucv.cl/pucv_txt/txt-0000/UCH0448_01.pdf"
"383","Brown algae","Psedechinus magellanicus","","https://www.tandfonline.com/doi/abs/10.1080/00785326.2004.10410216"
"384","Foraminifera","Psedechinus magellanicus","","https://www.tandfonline.com/doi/abs/10.1080/00785326.2004.10410216"
"385","Ostracoda","Psedechinus magellanicus","","https://www.tandfonline.com/doi/abs/10.1080/00785326.2004.10410216"
"386","Brown algae","Pseudechinus magellanicus","",""
"387","Foraminifera","Pseudechinus magellanicus","",""
"388","Ostracoda","Pseudechinus magellanicus","",""
"389","Genypterus blacodes","Pseudorca crassidens","Alonso & Pedraza (1999)",""
"390","Illex argentinus","Pseudorca crassidens","Alonso & Pedraza (1999)","https://onlinelibrary.wiley.com/doi/epdf/10.1111/j.1748-7692.1999.tb00838.x"
"391","Macruronus magellanicus","Pseudorca crassidens","Alonso & Pedraza (1999)","https://onlinelibrary.wiley.com/doi/epdf/10.1111/j.1748-7692.1999.tb00838.x"
"392","Martialia hyadesii","Pseudorca crassidens","Alonso & Pedraza (1999)","https://onlinelibrary.wiley.com/doi/epdf/10.1111/j.1748-7692.1999.tb00838.x"
"393","Austrolycus depressiceps","Salilota australis","Haro D. (2019)","https://repositorio.uchile.cl/handle/2250/187376"
"394","Benthic decapoda","Salilota australis","Haro D. (2019)","https://repositorio.uchile.cl/handle/2250/187376"
"395","Merluccius sp.","Salilota australis","Jimena Torres pers. comm",""
"396","Patagonotothen cornucola","Salilota australis","Haro D. (2019)","https://repositorio.uchile.cl/handle/2250/187376"
"397","Patagonotothen sp.","Salilota australis","",""
"398","Amphipoda","Salmo salar","Soto et al. (2001)","https://esajournals.onlinelibrary.wiley.com/doi/full/10.1890/1051-0761%282001%29011%5B1750%3AESITIS%5D2.0.CO%3B2?casa_token=TDoh8tCi2eIAAAAA%3A7ZcavXsn4BEGEZEFHNSW3mE4QSVijx-U3ciIVTnnVuD-7e4TSDmKR_NhtXDRuQPUmuiiHLWIk80f9Bc"
"399","Merluccius sp.","Salmo salar","Soto et al. (2001)","https://esajournals.onlinelibrary.wiley.com/doi/full/10.1890/1051-0761%282001%29011%5B1750%3AESITIS%5D2.0.CO%3B2?casa_token=TDoh8tCi2eIAAAAA%3A7ZcavXsn4BEGEZEFHNSW3mE4QSVijx-U3ciIVTnnVuD-7e4TSDmKR_NhtXDRuQPUmuiiHLWIk80f9Bc"
"400","Odontesthes sp.","Salmo salar","Antezana (pers. comm)",""
"401","Copepoda","Salp","","https://www.int-res.com/abstracts/meps/v195/p201-220/"
"402","Nanoflagellates","Salp","","https://academic.oup.com/plankt/article/26/7/827/1514027?login=false"
"403","Phytoplankton","Salp","Cañete (pers. comm.)",""
"404","Brown algae","Siphonaria lessonii","Ríos & Gerdes (1997)","https://epic.awi.de/id/eprint/5233/"
"405","Phytodetritus","Siphonaria lessonii","Andrade (pers. comm.)",""
"406","Benthic decapoda","Spheniscus magellanicus","Venegas & Sielfeld (1981)","VENEGAS, C. & W. SIELFELD. 1981. Utilización de aves como indicadoras de presencia y potencialidad de recursos marinos eventualmente manejables. Resumen. P. 83, in Jornadas de Ciencias del Mar. Valdivia, Chile."
"407","Cephalopoda","Spheniscus magellanicus","Boswall & MacIver (1975)","Boswall, J. and D. MacIver 1975 The Magellanic Penguin Spheniscus magellanicus. In Stonehouse, B. (ed.), The Biology of Penguins. University Park Press, Baltimore, USA 271-305."
"408","Doryteuthis gahi","Spheniscus magellanicus","Almonacid (2018)","http://www.aveschile.cl/wp-content/uploads/2019/01/2_Almonacid_Vol.24-1-2018-RChO_dieta-pinguinos.pdf"
"409","Patagonotothen sp.","Spheniscus magellanicus","Almonacid (2018)","http://www.aveschile.cl/wp-content/uploads/2019/01/2_Almonacid_Vol.24-1-2018-RChO_dieta-pinguinos.pdf"
"410","Ramnogaster arcuata","Spheniscus magellanicus","Venegas & Sielfeld (1981)","VENEGAS, C. & W. SIELFELD. 1981. Utilización de aves como indicadoras de presencia y potencialidad de recursos marinos eventualmente manejables. Resumen. P. 83, in Jornadas de Ciencias del Mar. Valdivia, Chile."
"411","Sprattus fuegensis","Spheniscus magellanicus","Almonacid (2018)","http://www.aveschile.cl/wp-content/uploads/2019/01/2_Almonacid_Vol.24-1-2018-RChO_dieta-pinguinos.pdf"
"412","Amphipoda","Sprattus fuegensis","Haro D. (2019)","https://repositorio.uchile.cl/handle/2250/187376"
"413","Copepoda","Sprattus fuegensis","Haro D. (2019)","https://repositorio.uchile.cl/handle/2250/187376"
"414","Isopoda","Sprattus fuegensis","Montecinos (2015)","http://repositorio.udec.cl/jspui/bitstream/11594/1828/1/Tesis_Composicion_dietaria_de_Sprattus.Marked.pdf"
"415","Plankton diatom","Sprattus fuegensis","Montecinos (2015)","http://repositorio.udec.cl/jspui/bitstream/11594/1828/1/Tesis_Composicion_dietaria_de_Sprattus.Marked.pdf"
"416","Ramnogaster arcuata","Stercorarius chilensis","Sepúlveda (2016)","https://repositorio.unab.cl/xmlui/handle/ria/9936"
"417","Sprattus fuegensis","Stercorarius chilensis","Sepúlveda (2016)","https://repositorio.unab.cl/xmlui/handle/ria/9936"
"418","Benthic decapoda","Tachyeres pteneres","",""
"419","Detritus","Tanaidae","",""
"420","Phytoplankton","Tanaidae","",""
"421","Zooplankton","Tanaidae","",""
"422","Brown algae","Tegula atra","Pinochet et al. (2018)","https://www.scielo.cl/scielo.php?pid=S0718-686X2018000300051&script=sci_arttext&tlng=pt"
"423","Green algae","Tegula atra","Pinochet et al. (2018)","https://www.scielo.cl/scielo.php?pid=S0718-686X2018000300051&script=sci_arttext&tlng=pt"
"424","Red algae","Tegula atra","Pinochet et al. (2018)","https://www.scielo.cl/scielo.php?pid=S0718-686X2018000300051&script=sci_arttext&tlng=pt"
"425","Copepoda","Themisto gaudichaudii","Pakhomov & Perissinotto (1996)","https://www.int-res.com/articles/meps/134/m134p091.pdf"
"426","Doryteuthis gahi","Thyrsites atun","Carimán & Reyes (2019)","https://www.scielo.cl/scielo.php?pid=S0718-19572019000100011&script=sci_arttext&tlng=en"
"427","Odontesthes sp.","Thyrsites atun","Carimán & Reyes (2019)","https://www.scielo.cl/scielo.php?pid=S0718-19572019000100011&script=sci_arttext&tlng=en"
"428","Sprattus fuegensis","Thyrsites atun","Carimán & Reyes (2019)","https://www.scielo.cl/scielo.php?pid=S0718-19572019000100011&script=sci_arttext&tlng=en"
"429","Copepoda","Trachurus murphyi","Medina & Arancibia (2002)","https://www.scielo.cl/scielo.php?pid=S0717-71782002000100003&script=sci_arttext"
"430","Crustacea","Trachurus murphyi","",""
"431","Myctophidae","Trachurus murphyi","Medina & Arancibia (2002)","https://www.scielo.cl/scielo.php?pid=S0717-71782002000100003&script=sci_arttext"
"432","Ostracoda","Trachurus murphyi","Medina & Arancibia (2002)","https://www.scielo.cl/scielo.php?pid=S0717-71782002000100003&script=sci_arttext"
"433","Bivalvia","Trophon geversianus","Andrade C & Ríos C (2007)","http://analesdelinstitutodelapatagonia.cl/index.php/analespatagonia/article/view/388"
"434","Mytilus sp.","Trophon geversianus","Andrade C & Ríos C (2007)","http://analesdelinstitutodelapatagonia.cl/index.php/analespatagonia/article/view/387"
"435","Perumytilus purpuratus","Trophon geversianus","Andrade C & Ríos C (2007)","http://analesdelinstitutodelapatagonia.cl/index.php/analespatagonia/article/view/390"
"436","Amphipoda","Zoarcidae","","https://oceanrep.geomar.de/id/eprint/53025/1/3857.pdf"
"437","Polychaeta","Zoarcidae","","https://oceanrep.geomar.de/id/eprint/53025/1/3857.pdf"
"438","Phytoplankton","Zooplankton","",""
