consumer,resource_original,resource_collapsed,resource_group,reference,reference_lins,observations
Acanthina monodon,Mytilus chilensis,Mytilus sp.,Bivalvia,Ríos & Gerdes (1997),https://epic.awi.de/id/eprint/5233/,Stomach content
Acanthina monodon,Perumytilus purpuratus,Perumytilus purpuratus,Bivalvia,Andrade unpub.,,In situ observation
Acanthocyclus albatrossis,Mytilus chilensis,Mytilus sp.,Bivalvia,,https://www.sciencedirect.com/science/article/abs/pii/S0022098122000387,
Amphipoda,Phytodetritus,Phytodetritus,Non-living,Andrade unpub.,,
Amphipoda,Phytodetritus,Phytodetritus,Non-living,Andrade unpub.,,
Anasterias antarctica,Aulacomya atra,Bivalvia,Bivalvia,Andrade unpub.,,
Anasterias antarctica,Trophon geversianus,Gastropoda,Gastropoda,Ríos & Gerdes (1997),https://epic.awi.de/id/eprint/5233/,
Anasterias antarctica,Mytilus chilensis,Mytilus sp.,Bivalvia,Andrade unpub.,,In situ observation
Antholoba achates,Harpagifer bispinis,Harpagifer bispinis,Pisces,Andrade unpub.,,In situ observation (laboratory)
Appendicularia,Zooplankton,Zooplankton,Zooplankton,,,
Aptenoydes patagonicus,Doryteuthis gahi ,Doryteuthis gahi,Cephalopoda,Pütz et al. (2021),https://www.sciencedirect.com/science/article/pii/S2351989421002195,
Aptenoydes patagonicus,Myctophidae,Myctophidae,Pisces,Huidobro & Oporto (2018),https://repositorio.uc.cl/xmlui/handle/11534/45383,Regurgited
Aptenoydes patagonicus,Patagonotothen tessellata,Patagonotothen tessellata,Pisces,Pütz et al. (2021),,
Aptenoydes patagonicus,Sprattus fuegensis,Sprattus fuegensis,Pisces,Huidobro & Oporto (2018),https://repositorio.uc.cl/xmlui/handle/11534/45382,Regurgited
Arbacia dufresnii,Macrocystis pyrifera,Brown Algae,Macroalgae,Newcombe et al. (2012),https://www.int-res.com/abstracts/ab/v15/n2/p135-144,
Arbacia dufresnii,Forams,Foraminifera,Foraminifera,Castro et al. (2022),,
Arbacia dufresnii,Ulva sp.,Green Algae,Macroalgae,Castro et al. (2022),,
Arbacia dufresnii,Ostracods,Ostracoda,Ostracoda,Castro et al. (2022),,
Arbacia dufresnii,Ceramium sp.,Red Algae,Macroalgae,Castro et al. (2022),,
Arbacia dufresnii,Heterosiphonia sp.,Red Algae,Macroalgae,Castro et al. (2022),,
Arctocephalus australis,Merluccius australis,Merluccius australis,Pisces,,http://cybertesis.uach.cl/tesis/uach/2012/fcv297h/doc/fcv297h.pdf,
Arctocephalus australis,Myctophidae,Myctophidae,Pisces,,http://cybertesis.uach.cl/tesis/uach/2012/fcv297h/doc/fcv297h.pdf,
Aulacomya atra,Phytoplankton,Phytoplankton,Phytoplankton,,,
Aulacomya atra,Zooplankton,Zooplankton,Zooplankton,,,
Austrochlamys natans,Phytoplankton,Phytoplankton,Phytoplankton,,,
Austrolycus depressiceps,Isopoda,Isopoda,Isopoda,Reyes & Hüne (2012),Peces del sur de Chile,
Austrolycus depressiceps,Patagonotothen cornucola,Patagonotothen cornucola,Pisces,Reyes & Hüne (2012),Peces del sur de Chile,
Austrolycus depressiceps,Polychaetes,Polychaeta,Polychaeta,Reyes & Hüne (2012),Peces del sur de Chile,
Bathylagichthys parini (larvae),Bivalvia larva,Bivalvia (larvae),Bivalvia,Salas-Berrios et al. (2013),https://link.springer.com/article/10.1007/s00300-013-1359-8,Gut content
Bathylagichthys parini (larvae),Calanoid copepodite,Copepoda,Copepoda,Salas-Berrios et al. (2013),https://link.springer.com/article/10.1007/s00300-013-1359-8,Gut content
Bathylagichthys parini (larvae),Copepod egg,Copepoda (egg),Copepoda,Salas-Berrios et al. (2013),https://link.springer.com/article/10.1007/s00300-013-1359-8,Gut content
Bathylagichthys parini (larvae),Copepod nauplius,Copepoda (nauplius),Copepoda,Salas-Berrios et al. (2013),https://link.springer.com/article/10.1007/s00300-013-1359-8,Gut content
Bathylagichthys parini (larvae),Appendicularia fecal pellet,Detritus,Detritus,Salas-Berrios et al. (2013),https://link.springer.com/article/10.1007/s00300-013-1359-8,Gut content
Bathylagichthys parini (larvae),Ostracods,Ostracoda,Ostracoda,Salas-Berrios et al. (2013),https://link.springer.com/article/10.1007/s00300-013-1359-8,Gut content
Bathylagichthys parini (larvae),Fragilaria sp.,Planktonic Diatom,Phytoplankton,Salas-Berrios et al. (2013),https://link.springer.com/article/10.1007/s00300-013-1359-8,Gut content
Bathylagichthys parini (larvae),Salp,Salp,Tunicata,Salas-Berrios et al. (2013),https://link.springer.com/article/10.1007/s00300-013-1359-8,Gut content
Benthic Decapoda,Mytilus sp.,Mytilus sp.,Bivalvia,,,
Bivalvia,Phytoplankton,Phytoplankton,Phytoplankton,,,
Bivalvia (larvae),Diatoms,Benthic Diatom,Phytoplankton,,,
Bivalvia (larvae),Chaetoceros sp.,Planktonic Diatom,Phytoplankton,,https://www.sciencedirect.com/science/article/pii/S0044848603002722,
Brachiopoda,Phytoplankton,Phytoplankton,Phytoplankton,,,
Bryozoa,Phytoplankton,Phytoplankton,Phytoplankton,,,
Bryozoa,Zooplankton,Zooplankton,Zooplankton,,,
Bunodactis octoradiata,Exosphaeroma gigas,Exosphaeroma gigas,Crustacea,Andrade C & Ríos C (2007),http://analesdelinstitutodelapatagonia.cl/index.php/analespatagonia/article/view/386,In situ observation
Calanoid Copepodite,Phytoplankton,Phytoplankton,Phytoplankton,,,
Calidris canutus,Darina solenoides,Bivalvia,Bivalvia,Espoz et al. (2008),https://www.researchgate.net/publication/262687507_Trophic_ecology_of_the_Red_Knot_Calidris_canutus_rufa_at_Bahia_Lomas_Tierra_del_Fuego_Chile?enrichId=rgreq-8c958f7066ac761a5d05454e0c0e8de9-XXX&enrichSource=Y292ZXJQYWdlOzI2MjY4NzUwNztBUzoxNDE3ODM2MTkwODQyODhAMTQxMDgxNTI1NzkyOQ%3D%3D&el=1_x_2&_esc=publicationCoverPdf,"SIA (bone, feathers, muscle)"
Callorhinchus callorynchus,Bivalves,Bivalvia,Bivalvia,Di Giacomo & Perier (1996),https://www.publish.csiro.au/mf/mf9960801,
Campylonotus vagans,Zooplankton,Zooplankton,Zooplankton,,,
Cephalopoda,Crustaceans,Benthic Decapoda,Decapoda,,,
Cephalopoda,Bivalves,Bivalvia,Bivalvia,,,
Cephalorhynchus commersonii commersonii,Campylonotus vagans,Benthic Decapoda,Decapoda,Riccialdelli et al. (2013),https://link.springer.com/article/10.1007/s00300-013-1289-16,SIA (bone collagen) - Stomach contents
Cephalorhynchus commersonii commersonii,Munida gregaria,Benthic Decapoda,Decapoda,Riccialdelli et al. (2013),https://link.springer.com/article/10.1007/s00300-013-1289-14,SIA (bone collagen) - Stomach contents
Cephalorhynchus commersonii commersonii,Doryteuthis gahi,Doryteuthis gahi,Cephalopoda,Riccialdelli et al. (2013),https://link.springer.com/article/10.1007/s00300-013-1289-12,SIA (bone collagen) - Stomach contents
Cephalorhynchus commersonii commersonii,Eleginops maclovinus,Eleginops maclovinus,Pisces,Riccialdelli et al. (2013),https://link.springer.com/article/10.1007/s00300-013-1289-7,SIA (bone collagen) - Stomach contents
Cephalorhynchus commersonii commersonii,Enteroctopus megalocyathus,Enteroctopus megalocyathus,Cephalopoda,Riccialdelli et al. (2013),https://link.springer.com/article/10.1007/s00300-013-1289-13,SIA (bone collagen) - Stomach contents
Cephalorhynchus commersonii commersonii,Halicarcinus planatus,Halicarcinus planatus,Decapoda,Riccialdelli et al. (2013),https://link.springer.com/article/10.1007/s00300-013-1289-15,SIA (bone collagen) - Stomach contents
Cephalorhynchus commersonii commersonii,Illex argentinus,Illex argentinus,Cephalopoda,Riccialdelli et al. (2013),https://link.springer.com/article/10.1007/s00300-013-1289-11,SIA (bone collagen) - Stomach contents
Cephalorhynchus commersonii commersonii,Macruronus magellanicus,Macruronus magellanicus,Pisces,Riccialdelli et al. (2013),https://link.springer.com/article/10.1007/s00300-013-1289-10,SIA (bone collagen) - Stomach contents
Cephalorhynchus commersonii commersonii,Odontesthes spp.,Odontesthes sp.,Pisces,Riccialdelli et al. (2013),https://link.springer.com/article/10.1007/s00300-013-1289-8,SIA (bone collagen) - Stomach contents
Cephalorhynchus commersonii commersonii,Patagonotothen spp.,Patagonotothen sp.,Pisces,Riccialdelli et al. (2013),https://link.springer.com/article/10.1007/s00300-013-1289-5,SIA (bone collagen) - Stomach contents
Cephalorhynchus commersonii commersonii,Sprattus fuegensis,Sprattus fuegensis,Pisces,Riccialdelli et al. (2013),https://link.springer.com/article/10.1007/s00300-013-1289-9,SIA (bone collagen) - Stomach contents
Cephalorhynchus commersonii commersonii,Zoarcids,Zoarcidae,Pisces,Riccialdelli et al. (2013),https://link.springer.com/article/10.1007/s00300-013-1289-6,SIA (bone collagen) - Stomach contents
Champsocephalus esox,Patagonotothen cornucola,Patagonotothen cornucola,Pisces,Landaeta et al. (2020),https://www.cambridge.org/core/journals/antarctic-science/article/abs/shape-condition-and-diet-of-the-pike-icefish-champsocephalus-esox-teleostei-channichthyidae-evidence-of-phenotypic-plasticity/F45F7393F50141A0E3999A96CA55B1DC,Gut content
Champsocephalus esox,Patagonotothen sima,Patagonotothen sima,Pisces,Landaeta et al. (2020),https://www.cambridge.org/core/journals/antarctic-science/article/abs/shape-condition-and-diet-of-the-pike-icefish-champsocephalus-esox-teleostei-channichthyidae-evidence-of-phenotypic-plasticity/F45F7393F50141A0E3999A96CA55B1DC,Gut content
Champsocephalus esox,Patagonotothen tessellata,Patagonotothen tessellata,Pisces,Landaeta et al. (2020),https://www.cambridge.org/core/journals/antarctic-science/article/abs/shape-condition-and-diet-of-the-pike-icefish-champsocephalus-esox-teleostei-channichthyidae-evidence-of-phenotypic-plasticity/F45F7393F50141A0E3999A96CA55B1DC,Stomach content
Chironomidae,Detritus,Detritus,Non-living,,https://www.scielo.br/j/isz/a/bDrCDYjPB5jgPmsKhxq5FQp/#,
Chironomidae,Diatoms,Diatoms,Phytoplankton,,https://www.scielo.br/j/isz/a/bDrCDYjPB5jgPmsKhxq5FQp/#,
Chloephaga hybrida,Macroalgae,Brown Algae,Macroalgae,Venegas (1985),"Venegas, C. 1985-1986. Prospección aérea de gansos (Chloephaga) en la estepa central de Magallanes. Anales del Instituto de la Patagonia 16: 67˗73.",Stomach content
Cilus gilberti,Amphipoda,Amphipoda,Amphipoda,Reyes & Hüne (2012),Peces del sur de Chile,
Cilus gilberti,Ulva lactuca,Green Algae,Macroalgae,Reyes & Hüne (2012),Peces del sur de Chile,
Cilus gilberti,Polychaetes,Polychaeta,Polychaeta,Reyes & Hüne (2012),Peces del sur de Chile,
Copepoda,Detritus,Detritus,Non-living,,,
Copepoda,Phytoplankton,Phytoplankton,Phytoplankton,,,
Copepoda,Zooplankton,Zooplankton,Zooplankton,,,
Copepoda (nauplius),Nanoflagellates,Phytoplankton,Phytoplankton,,https://link.springer.com/article/10.1007/s00227-009-1353-4,
Cosmasterias lurida,Arbacia dufresnii,Arbacia dufresnii,Echinodermata,Garrido et al. (2021),,
Cosmasterias lurida,Aulacomya atra,Bivalvia,Bivalvia,Garrido et al. (2021),,
Cosmasterias lurida,Austrochlamys natans,Bivalvia,Bivalvia,Andrade unpub.,,In situ observation
Cosmasterias lurida,Trophon geversianus,Gastropoda,Gastropoda,,,
Cosmasterias lurida,Loxechinus albus,Loxechinus albus,Echinodermata,Garrido et al. (2021),,
Cosmasterias lurida,Mytilus chilensis,Mytilus sp.,Bivalvia,Andrade unpub.,,In situ observation
Cosmasterias lurida,Pseudechinus magellanicus,Pseudechinus magellanicus,Echinodermata,Garrido et al. (2021),,
Cottoperca gobio,Doryteuthis gahi,Doryteuthis gahi,Cephalopoda,,https://onlinelibrary.wiley.com/doi/full/10.1046/j.1439-0426.2003.00340.x?casa_token=6dL3l09v8GkAAAAA%3A4Fd89SBAZOIkE2TKrEQxaEERaCADR0kGhkXGR-Bz35FUg2Z12Z3dRPMgT5ckTZ1c__S6NpyqOz9_Q0E,
Cottoperca gobio,Macruronus magellanicus,Macruronus magellanicus,Pisces,,https://onlinelibrary.wiley.com/doi/full/10.1046/j.1439-0426.2003.00340.x?casa_token=6dL3l09v8GkAAAAA%3A4Fd89SBAZOIkE2TKrEQxaEERaCADR0kGhkXGR-Bz35FUg2Z12Z3dRPMgT5ckTZ1c__S6NpyqOz9_Q0E,
Cottoperca gobio,Munida gregaria,Munida gregaria,Decapoda,Vinuesa & Varisco (2007),https://www.scielo.cl/scielo.php?pid=S0717-71782007000200003&script=sci_arttext&tlng=pt,
Cottoperca gobio,Patagonotothen tessellata,Patagonotothen tessellata,Pisces,,https://onlinelibrary.wiley.com/doi/full/10.1046/j.1439-0426.2003.00340.x?casa_token=6dL3l09v8GkAAAAA%3A4Fd89SBAZOIkE2TKrEQxaEERaCADR0kGhkXGR-Bz35FUg2Z12Z3dRPMgT5ckTZ1c__S6NpyqOz9_Q0E,
Cottoperca gobio,Peltarion spinulosum,Peltarion spinulosum,Decapoda,,https://onlinelibrary.wiley.com/doi/full/10.1046/j.1439-0426.2003.00340.x?casa_token=6dL3l09v8GkAAAAA%3A4Fd89SBAZOIkE2TKrEQxaEERaCADR0kGhkXGR-Bz35FUg2Z12Z3dRPMgT5ckTZ1c__S6NpyqOz9_Q0E,
Cottoperca gobio,Sprattus fuegensis,Sprattus fuegensis,Pisces,,https://onlinelibrary.wiley.com/doi/full/10.1046/j.1439-0426.2003.00340.x?casa_token=6dL3l09v8GkAAAAA%3A4Fd89SBAZOIkE2TKrEQxaEERaCADR0kGhkXGR-Bz35FUg2Z12Z3dRPMgT5ckTZ1c__S6NpyqOz9_Q0E,
Crepipatella dilatata,Macrocystis pyrifera,Brown Algae,Macroalgae,C. Andrade unpub.,,Gut content
Darina solenoides,Detritus,Detritus,Non-living,,,
Darina solenoides,Phytoplankton,Phytoplankton,Phytoplankton,,,
Doryteuthis gahi,Munida gregaria,Benthic Decapoda,Decapoda,Almonacid (pers. comm),,
Doryteuthis gahi,Sprattus fuegensis  ,Sprattus fuegensis  ,Pisces,Almonacid (pers. comm),,
Eleginops maclovinus,Acanthocyclus albatrossis,Acanthocyclus albatrossis,Decapoda,Córdova et al. (2009),https://www.scielo.cl/scielo.php?pid=S0718-19572009000200016&script=sci_arttext,Feaces
Eleginops maclovinus,Acanthocyclus albatrossis ,Acanthocyclus albatrossis ,Decapoda,Guzmán & Campodonico (1973),http://www.bibliotecadigital.umag.cl/handle/20.500.11893/379,In situ observation
Eleginops maclovinus,Amphipoda,Amphipoda,Amphipoda,Guzmán & Campodonico (1973),http://www.bibliotecadigital.umag.cl/handle/20.500.11893/379,Stomach content
Eleginops maclovinus,Gammaridae,Amphipoda,Amphipoda,Haro D. (2019),https://repositorio.uchile.cl/handle/2250/187376,In situ observation
Eleginops maclovinus,Appendicularians,Appendicularia,Tunicata,Guzmán & Campodonico (1973),http://www.bibliotecadigital.umag.cl/handle/20.500.11893/379,Stomach content
Eleginops maclovinus,Decapoda,Benthic Decapoda,Decapoda,Guzmán & Campodonico (1973),http://www.bibliotecadigital.umag.cl/handle/20.500.11893/379,Stomach content
Eleginops maclovinus,Brachiopods,Brachiopoda,Brachiopoda,Guzmán & Campodonico (1973),http://www.bibliotecadigital.umag.cl/handle/20.500.11893/379,Stomach content
Eleginops maclovinus,Ectocarpus sp.,Brown Algae,Macroalgae,Guzmán & Campodonico (1973),http://www.bibliotecadigital.umag.cl/handle/20.500.11893/379,Stomach content
Eleginops maclovinus,Cephalopods,Cephalopoda,Cephalopoda,Guzmán & Campodonico (1973),http://www.bibliotecadigital.umag.cl/handle/20.500.11893/379,Stomach content
Eleginops maclovinus,Copepods,Copepoda,Copepoda,Guzmán & Campodonico (1973),http://www.bibliotecadigital.umag.cl/handle/20.500.11893/379,Stomach content
Eleginops maclovinus,Oscillatoria sp.,Cyanobacteria,Cyanobacteria,Guzmán & Campodonico (1973),http://www.bibliotecadigital.umag.cl/handle/20.500.11893/379,Stomach content
Eleginops maclovinus,Acari,Detritus,Non-living,Guzmán & Campodonico (1973),http://www.bibliotecadigital.umag.cl/handle/20.500.11893/379,Stomach content
Eleginops maclovinus,Exosphaeroma gigas,Exosphaeroma gigas,Isopoda,Andrade unpub.,,Stomach content
Eleginops maclovinus,Fish,Fish,Pisces,Guzmán & Campodonico (1973),http://www.bibliotecadigital.umag.cl/handle/20.500.11893/379,Stomach content
Eleginops maclovinus,Forams,Foraminifera,Foraminifera,Guzmán & Campodonico (1973),http://www.bibliotecadigital.umag.cl/handle/20.500.11893/379,Stomach content
Eleginops maclovinus,Cladophora sp.,Green Algae,Macroalgae,Guzmán & Campodonico (1973),http://www.bibliotecadigital.umag.cl/handle/20.500.11893/379,Stomach content
Eleginops maclovinus,Enteromorpha sp.,Green Algae,Macroalgae,Guzmán & Campodonico (1973),http://www.bibliotecadigital.umag.cl/handle/20.500.11893/379,Stomach content
Eleginops maclovinus,Rhizoclonium sp.,Green Algae,Macroalgae,Guzmán & Campodonico (1973),http://www.bibliotecadigital.umag.cl/handle/20.500.11893/379,Stomach content
Eleginops maclovinus,Ulva sp.,Green Algae,Macroalgae,Haro D. (2019),https://repositorio.uchile.cl/handle/2250/187376,Stomach content
Eleginops maclovinus,Ulva sp.,Green Algae,Macroalgae,Guzmán & Campodonico (1973),http://www.bibliotecadigital.umag.cl/handle/20.500.11893/379,Stomach content
Eleginops maclovinus,Halicarcinus planatus,Halicarcinus planatus,Decapoda,Guzmán & Campodonico (1973),http://www.bibliotecadigital.umag.cl/handle/20.500.11893/379,Stomach content
Eleginops maclovinus,Isopoda,Isopoda,Isopoda,Guzmán & Campodonico (1973),http://www.bibliotecadigital.umag.cl/handle/20.500.11893/379,Stomach content
Eleginops maclovinus,Ostracods,Ostracoda,Ostracoda,Guzmán & Campodonico (1973),http://www.bibliotecadigital.umag.cl/handle/20.500.11893/379,Stomach content
Eleginops maclovinus,Ostracods,Ostracoda,Ostracoda,Guzmán & Campodonico (1973),http://www.bibliotecadigital.umag.cl/handle/20.500.11893/379,Stomach content
Eleginops maclovinus,Platynereis australis,Polychaeta,Polychaeta,Guzmán & Campodonico (1973),http://www.bibliotecadigital.umag.cl/handle/20.500.11893/379,Stomach content
Eleginops maclovinus,Ceramium sp.,Red Algae,Macroalgae,Guzmán & Campodonico (1973),http://www.bibliotecadigital.umag.cl/handle/20.500.11893/379,Stomach content
Eleginops maclovinus,Sediment,Sediment,Non-living,Guzmán & Campodonico (1973),http://www.bibliotecadigital.umag.cl/handle/20.500.11893/379,Stomach content
Eleginops maclovinus,Tanaidae,Tanaidae,Malacostraca,Haro D. (2019),https://repositorio.uchile.cl/handle/2250/187376,Stomach content
Enteroctopus megalocyathus,Peltarion spinulosum,Benthic Decapoda,Decapoda,Sepúlveda (pers. comm),,
Enteroctopus megalocyathus,Tawera elliptica,Bivalvia,Bivalvia,Sepúlveda (pers. comm),,
Euphausia lucens,Phytoplankton,Phytoplankton,Phytoplankton,,,
Euphausia vallentini,Centric diatoms,Diatoms,Phytoplankton,,https://academic.oup.com/plankt/article/33/8/1212/1441310?login=false,
Euphausia vallentini,Phytoplankton,Phytoplankton,Phytoplankton,,https://academic.oup.com/plankt/article/33/8/1212/1441310?login=false,
Eurypodius latreillei,Bryozoans,Bryozoa,Bryozoa,Comoglio (1994),https://bibliotecadigital.exactas.uba.ar/download/tesis/tesis_n2640_Comoglio.pdf,In situ observation
Eurypodius latreillei,Forams ,Foraminifera,Foraminifera,Comoglio (1994),https://bibliotecadigital.exactas.uba.ar/download/tesis/tesis_n2640_Comoglio.pdf,In situ observation
Eurypodius latreillei,Halicarcinus planatus,Halicarcinus planatus,Decapoda,Comoglio (1994),https://bibliotecadigital.exactas.uba.ar/download/tesis/tesis_n2640_Comoglio.pdf,In situ observation (laboratory)
Eurypodius latreillei,Isopoda,Isopoda,Isopoda,Comoglio (1994),https://bibliotecadigital.exactas.uba.ar/download/tesis/tesis_n2640_Comoglio.pdf,Field observation
Eurypodius latreillei,Pagurus sp.,Pagurus sp.,Crustacea,Comoglio (1994),https://bibliotecadigital.exactas.uba.ar/download/tesis/tesis_n2640_Comoglio.pdf,In situ observation (laboratory)
Exosphaeroma gigas,Detritus,Detritus,Non-living,,,
Fissurella oriens,Macroalgae,Brown Algae,Macroalgae,Mutschke et al. (1998),https://www.researchgate.net/publication/234585529_Situacion_actual_de_la_macrofauna_presente_en_el_intermareal_de_bloques_y_cantos_de_Bahia_Laredo_Estrecho_de_Magallanes,In situ observation
Fissurella oriens,Macrocystis pyrifera,Brown Algae,Macroalgae,Andrade unpub.,,In situ observation
Fissurella radiosa,Macroalgae,Brown Algae,Macroalgae,Mutschke et al. (1998),https://www.researchgate.net/publication/234585529_Situacion_actual_de_la_macrofauna_presente_en_el_intermareal_de_bloques_y_cantos_de_Bahia_Laredo_Estrecho_de_Magallanes,In situ observation
Fissurella radiosa,Macrocystis pyrifera,Brown Algae,Macroalgae,Andrade unpub.,,
Foraminifera,Copepods,Copepoda,Copepoda,,https://www.researchgate.net/profile/Bruce-Hayward/publication/351275033_Molecular_and_morphological_taxonomy_of_living_Ammonia_and_related_taxa_Foraminifera_and_their_biogeography/links/60da697592851ca94493fa31/Molecular-and-morphological-taxonomy-of-living-Ammonia-and-related-taxa-Foraminifera-and-their-biogeography.pdf,
Foraminifera,Phytodetritus,Phytodetritus,Non-living,,https://www.researchgate.net/profile/Bruce-Hayward/publication/351275033_Molecular_and_morphological_taxonomy_of_living_Ammonia_and_related_taxa_Foraminifera_and_their_biogeography/links/60da697592851ca94493fa31/Molecular-and-morphological-taxonomy-of-living-Ammonia-and-related-taxa-Foraminifera-and-their-biogeography.pdf,
Foraminifera,Phytoplankton,Phytoplankton,Phytoplankton,,https://www.researchgate.net/profile/Bruce-Hayward/publication/351275033_Molecular_and_morphological_taxonomy_of_living_Ammonia_and_related_taxa_Foraminifera_and_their_biogeography/links/60da697592851ca94493fa31/Molecular-and-morphological-taxonomy-of-living-Ammonia-and-related-taxa-Foraminifera-and-their-biogeography.pdf,
Gaimardia trapesina,Phytoplankton,Phytoplankton,Phytoplankton,,,
Gammaridae,Detritus,Detritus,Non-living,,,
Gammaridae,Phytoplankton,Phytoplankton,Phytoplankton,,,
Gammaridae,Zooplankton,Zooplankton,Zooplankton,,,
Genypterus blacodes,Amphipoda,Amphipoda,Amphipoda,Haro D. (2019),https://repositorio.uchile.cl/handle/2250/187376,Stomach content
Genypterus blacodes,Lithodes santolla,Benthic Decapoda,Decapoda,Andrade unpub.,,Stomach content
Genypterus blacodes,Munida gregaria,Benthic Decapoda,Decapoda,Haro D. (2019),https://repositorio.uchile.cl/handle/2250/187376,Observation in stomach content
Genypterus blacodes,Merluccius sp.,Merluccius sp.,Pisces,Haro D. (2019),https://repositorio.uchile.cl/handle/2250/187376,Stomach content
Genypterus blacodes,Odontesthes spp.,Odontesthes sp.,Pisces,Haro D. (2019),https://repositorio.uchile.cl/handle/2250/187376,Stomach content
Genypterus blacodes,Patagonotothen spp.,Patagonotothen sp.,Pisces,Haro D. (2019),https://repositorio.uchile.cl/handle/2250/187376,Stomach content
Genypterus blacodes,Sprattus fuegensis,Sprattus fuegensis,Pisces,Zuleta & Rubilar (2010),http://docplayer.es/46981536-Impacto-del-desarrollo-de-una-pesqueria-de-sardina-austral-sprattus-fueguensis-en-aguas-interiores-de-las-regiones-x-xii.html,Stomach content
Halicarcinus planatus,Detritus,Detritus,Non-living,C. Andrade unpub.,,Observed in stomach content
Halirytus magellanicus,Detritus,Detritus,Non-living,,,
Halirytus magellanicus,Diatoms,Diatoms,Phytoplankton,,,
Harpagifer bispinis,Gammaridae,Amphipoda,Amphipoda,Hüne & Vega (2016),,
Harpagifer bispinis,Exospheroma gigas,Exosphaeroma gigas,Isopoda,Hüne & Vega (2016),,
Harpagifer bispinis,Isopoda,Isopoda,Isopoda,Andrade unpub.,,
Harpagifer bispinis,Polychaetes,Polychaeta,Polychaeta,Hüne & Rivera (2010),,
Harpagifer bispinis,Tanaidae,Tanaidae,Malacostraca,Hüne & Vega (2016),,
Hydrozoa,Detritus,Detritus,Non-living,,,
Hydrozoa,Phytoplankton,Phytoplankton,Phytoplankton,,,
Hydrozoa,Zooplankton,Zooplankton,Zooplankton,,,
Illex argentinus,Themisto gaudichaudii,Amphipoda,Amphipoda,,https://aquadocs.org/bitstream/handle/1834/4224/Rev%20Invest%20Desarr%20Pesq%2020%2051-63.pdf?sequence=1&isAllowed=y,
Illex argentinus,Copepods,Copepoda,Copepoda,,https://aquadocs.org/bitstream/handle/1834/4224/Rev%20Invest%20Desarr%20Pesq%2020%2051-63.pdf?sequence=1&isAllowed=y,
Illex argentinus,Doryteuthis gahi ,Doryteuthis gahi,Cephalopoda,,https://aquadocs.org/bitstream/handle/1834/4224/Rev%20Invest%20Desarr%20Pesq%2020%2051-63.pdf?sequence=1&isAllowed=y,
Illex argentinus,Euphausia lucens,Pelagic Crustacea,Crustacea,,https://aquadocs.org/bitstream/handle/1834/4224/Rev%20Invest%20Desarr%20Pesq%2020%2051-63.pdf?sequence=1&isAllowed=y,
Isopoda,Macroalgae,Brown Algae,Macroalgae,,,
Isopoda,Detritus,Detritus,Non-living,,,
Isopoda,Phytodetritus,Phytodetritus,Non-living,,,
Labidiaster radiosus,Exosphaeroma gigas,Exosphaeroma gigas,Isopoda,C. Andrade unpub.,,
Lagenorhynchus australis,Myxine australis,Detritus,Non-living,Schiavini et al. (1997),https://www.vliz.be/imisdocs/publications/232079.pdf,Stomach content
Lagenorhynchus australis,Eleginops maclovinus,Eleginops maclovinus,Pisces,Schiavini et al. (1997),,
Lagenorhynchus australis,Enteroctopus megalocyathus,Enteroctopus megalocyathus,Cephalopoda,Schiavini et al. (1997),https://www.vliz.be/imisdocs/publications/232079.pdf,In situ observation
Lagenorhynchus australis,Genypterus blacodes,Genypterus blacodes,Pisces,Schiavini et al. (1997),https://www.vliz.be/imisdocs/publications/232079.pdf,Stomach content
Lagenorhynchus australis,Illex argentinus,Illex argentinus,Cephalopoda,Schiavini et al. (1997),,
Lagenorhynchus australis,Macruronus magellanicus,Macruronus magellanicus,Pisces,Schiavini et al. (1997),https://www.vliz.be/imisdocs/publications/232079.pdf,Stomach content
Lagenorhynchus australis,Patagonotothen tessellata,Patagonotothen tessellata,Pisces,Viddi & Lescrauwaet (2005),https://www.vliz.be/imisdocs/publications/ocrd/102931.pdf,
Lagenorhynchus australis,Salilota australis,Salilota australis,Pisces,Schiavini et al. (1997),https://www.vliz.be/imisdocs/publications/232079.pdf,Stomach content
Lagenorhynchus australis,Salp,Salp,Tunicata,Schiavini et al. (1997),https://oceanrep.geomar.de/id/eprint/53025,
Lagenorhynchus australis,Zoarcids,Zoarcidae,Pisces,,https://oceanrep.geomar.de/id/eprint/53025/1/3857.pdf,
Larus dominicanus,Darina solenoides,Bivalvia,Bivalvia,Gordillo et al. (2020),https://www.cambridge.org/core/journals/journal-of-the-marine-biological-association-of-the-united-kingdom/article/abs/naticid-drilling-predation-from-tidal-flats-in-northern-patagonia-sw-atlantic/3EB5A0897064DF2E2381CE9844F5F348,
Larus dominicanus,Gaimardia trapesina,Gastropoda,Gastropoda,Hockey (1988),https://doi.org/10.1007/BF00379614,Stomach content
Larus dominicanus,Mytilus chilensis,Mytilus sp.,Bivalvia,Andrade unpub.,,In situ observation
Lithodes santolla,Bivalves,Bivalvia,Bivalvia,Andrade et al. (2022),https://www.mdpi.com/1424-2818/14/1/64,Stomach content
Lithodes santolla,Macrocystis pyrifera,Brown Algae,Macroalgae,Andrade et al. (2022),https://www.mdpi.com/1424-2818/14/1/56,In situ observation
Lithodes santolla,Bryozoans,Bryozoa,Bryozoa,Andrade et al. (2022),https://www.mdpi.com/1424-2818/14/1/58,Stomach content
Lithodes santolla,Cephalopods,Cephalopoda,Cephalopoda,Andrade et al. (2022),https://www.mdpi.com/1424-2818/14/1/66,Stomach content
Lithodes santolla,Debris allocthonous,Detritus,Non-living,Andrade et al. (2022),https://www.mdpi.com/1424-2818/14/1/69,Stomach content
Lithodes santolla,Detritus,Detritus,Non-living,Andrade et al. (2022),https://www.mdpi.com/1424-2818/14/1/69,Stomach content
Lithodes santolla,Fish,Fish,Pisces,Andrade et al. (2022),https://www.mdpi.com/1424-2818/14/1/67,Stomach content
Lithodes santolla,Forams,Foraminifera,Foraminifera,Andrade et al. (2022),https://www.mdpi.com/1424-2818/14/1/60,Stomach content
Lithodes santolla,Gastropods,Gastropoda,Gastropoda,Andrade et al. (2022),https://www.mdpi.com/1424-2818/14/1/65,Stomach content
Lithodes santolla,Hydrozoans,Hydrozoa,Hydrozoa,Andrade et al. (2022),https://www.mdpi.com/1424-2818/14/1/57,Stomach content
Lithodes santolla,Crustaceans,Lithodes santolla,Crustacea,Andrade et al. (2022),https://www.mdpi.com/1424-2818/14/1/63,Stomach content
Lithodes santolla,Polychaetes,Polychaeta,Polychaeta,Andrade et al. (2022),https://www.mdpi.com/1424-2818/14/1/61,Stomach content
Lithodes santolla,Sponges,Porifera,Porifera,Andrade et al. (2022),https://www.mdpi.com/1424-2818/14/1/59,Stomach content
Lithodes santolla,Pseudechinus magellanicus,Pseudechinus magellanicus,Echinodermata,Andrade et al. (2022),https://www.mdpi.com/1424-2818/14/1/62,Stomach content
Lithodes santolla,Sarcopeltis skottsbergii,Red Algae,Macroalgae,Andrade et al. (2022),,
Lithodes santolla,Sediment,Sediment,Non-living,Andrade et al. (2022),https://www.mdpi.com/1424-2818/14/1/68,Stomach content
Lithodes santolla (juvenile),Amphipoda,Amphipoda,Amphipoda,Pardo et al.(2021),https://www.mdpi.com/1424-2818/13/11/556,Stomach content
Lithodes santolla (juvenile),Lithodes santolla,Benthic Decapoda,Decapoda,Pardo et al.(2021),https://www.mdpi.com/1424-2818/13/11/556,
Lithodes santolla (juvenile),Bivalves,Bivalvia,Bivalvia,Pardo et al.(2021),https://www.mdpi.com/1424-2818/13/11/557,Stomach content
Lithodes santolla (juvenile),Macrocystis pyrifera,Brown Algae,Macroalgae,Pardo et al.(2021),https://www.mdpi.com/1424-2818/13/11/558,Stomach content
Lithodes santolla (juvenile),Forams,Foraminifera,Foraminifera,Pardo et al.(2021),https://www.mdpi.com/1424-2818/13/11/561,Stomach content
Lithodes santolla (juvenile),Ulva sp.,Green Algae,Macroalgae,Pardo et al.(2021),,Stomach content
Lithodes santolla (juvenile),Hydrozoans,Hydrozoa,Hydrozoa,Pardo et al.(2021),https://www.mdpi.com/1424-2818/13/11/560,Stomach content
Lithodes santolla (juvenile),Nacella spp.,Nacella deaurata,Gatropoda,Pardo et al.(2021),https://www.mdpi.com/1424-2818/13/11/561,Stomach content
Lithodes santolla (juvenile),Polychaetes,Polychaeta,Polychaeta,Pardo et al.(2021),https://www.mdpi.com/1424-2818/13/11/561,Stomach content
Lithodes santolla (juvenile),Polyplacophora,Polyplacophora,Polyplacophora,Pardo et al.(2021),https://www.mdpi.com/1424-2818/13/11/561,Stomach content
Lithodes santolla (juvenile),Sponges,Porifera,Porifera,Pardo et al.(2021),https://www.mdpi.com/1424-2818/13/11/561,Stomach content
Lithodes santolla (juvenile),Pseudechinus magellanicus,Pseudechinus magellanicus,Echinodermata,Pardo et al.(2021),https://www.mdpi.com/1424-2818/13/11/561,Stomach content
Lithodes santolla (juvenile),Sediment,Sediment,Non-living,Pardo et al.(2021),https://www.mdpi.com/1424-2818/13/11/559,Stomach content
Lontra felina,Campylonotus vagans,Benthic Decapoda,Decapoda,Córdova et al. (2009),https://www.scielo.cl/scielo.php?pid=S0718-19572009000200016&script=sci_arttext,Feaces
Lontra felina,Cancer edwardsii,Benthic Decapoda,Decapoda,Córdova et al. (2009),https://www.scielo.cl/scielo.php?pid=S0718-19572009000200016&script=sci_arttext,Feaces
Lontra felina,Lithodes santolla,Benthic Decapoda,Decapoda,Córdova et al. (2009),https://www.scielo.cl/scielo.php?pid=S0718-19572009000200016&script=sci_arttext,Feaces
Lontra felina,Munida gregaria,Benthic Decapoda,Decapoda,Córdova et al. (2009),https://www.scielo.cl/scielo.php?pid=S0718-19572009000200016&script=sci_arttext,Feaces
Lontra felina,Taliepus dentatus,Benthic Decapoda,Decapoda,Córdova et al. (2009),https://www.scielo.cl/scielo.php?pid=S0718-19572009000200016&script=sci_arttext,Feaces
Lontra felina,Cottoperca gobio,Cottoperca gobio,Pisces,Córdova et al. (2009),https://www.scielo.cl/scielo.php?pid=S0718-19572009000200016&script=sci_arttext,Feaces
Lontra felina,Harpagifer bispinis,Harpagifer bispinis,Pisces,Córdova et al. (2009),https://www.scielo.cl/scielo.php?pid=S0718-19572009000200016&script=sci_arttext,Feaces
Lontra felina,Patagonotothen spp.,Patagonotothen sp.,Pisces,Córdova et al. (2009),https://www.scielo.cl/scielo.php?pid=S0718-19572009000200016&script=sci_arttext,Feaces
Lontra felina,Prolatilus jugularis,Prolatilus jugularis,Pisces,Córdova et al. (2009),https://www.scielo.cl/scielo.php?pid=S0718-19572009000200016&script=sci_arttext,Stomach content
Loxechinus albus,Lessonia flavicans,Brown Algae,Macroalgae,Castilla (1985),https://www.academia.edu/download/31744106/Castilla_Moreno_1982.pdf,Stomach content
Loxechinus albus,Macrocystis pyrifera,Brown Algae,Macroalgae,Castilla (1985),https://www.academia.edu/download/31744106/Castilla_Moreno_1982.pdf,Feaces
Loxechinus albus,Harpagifer bispinis,Harpagifer bispinis,Pisces,Andrade unpub.,,Stomach content
Loxechinus albus,Callophyllis variegata,Red Algae,Macroalgae,Castilla (1985),https://www.academia.edu/download/31744106/Castilla_Moreno_1982.pdf,Stomach content
Loxechinus albus,Rhodymenia falklandica,Red Algae,Macroalgae,Castilla (1985),https://www.academia.edu/download/31744106/Castilla_Moreno_1982.pdf,Stomach content
Loxechinus albus,Sarcopeltis skottsbergii,Red Algae,Macroalgae,Castilla (1985),https://www.academia.edu/download/31744106/Castilla_Moreno_1982.pdf,Stomach content
Macruronus magellanicus,Sprattus fuegensis,Sprattus fuegensis,Pisces,Zuleta & Rubilar (2010),http://docplayer.es/46981536-Impacto-del-desarrollo-de-una-pesqueria-de-sardina-austral-sprattus-fueguensis-en-aguas-interiores-de-las-regiones-x-xii.html,In situ observation (laboratory)
Macruronus magellanicus ,Munida gregaria,Benthic Decapoda,Decapoda,Acevedo (2013),https://aquadocs.org/handle/1834/6952,
Macruronus magellanicus ,Themisto gaudichaudii,Themisto gaudichaudii,Amphipoda,Padovani et al. (2012),https://doi.org/10.1016/j.seares.2011.10.007,
Margarella violacea,Macrocystis pyrifera,Brown Algae,Macroalgae,C. Andrade unpub.,,Stomach content
Martialia hyadesii,Euphausia vallentini,Euphausia vallentini,Zooplankton,Hughes (2010),https://figshare.utas.edu.au/articles/thesis/Determining_the_unknown_in_Southern_Ocean_squid_distribution_and_diet_of_Histeoteuthis_eltaninae_and_Martialia_hyadesi/23230271/1,
Maurolicus australis (larvae),Bivalvia larva,Bivalvia (larvae),Bivalvia,Landaeta et al. (2011),,
Maurolicus australis (larvae),Calanoid copepodite,Copepoda,Copepoda,Landaeta et al. (2011),,
Maurolicus australis (larvae),Copepod egg,Copepoda (egg),Copepoda,Landaeta et al. (2011),,
Maurolicus australis (larvae),Copepod nauplius,Copepoda (nauplius),Copepoda,Landaeta et al. (2011),,
Megaptera novaeangliae,Themisto gaudichaudii ,Amphipoda,Amphipoda,Haro D. (2019),https://repositorio.uchile.cl/handle/2250/187376,SIA (skin)
Megaptera novaeangliae,Munida gregaria,Benthic Decapoda,Decapoda,Haro D. (2013),https://repositorio.anid.cl/entities/tesis/406746d0-8cbf-4a5f-a5f8-6812504b84a2,In situ observation
Megaptera novaeangliae,Euphausia lucens,Pelagic Crustacea,Crustacea,Haro D. (2019),https://repositorio.uchile.cl/handle/2250/187376,SIA (skin)
Megaptera novaeangliae,Euphausia vallentini,Pelagic Crustacea,Crustacea,Haro D. (2019),https://repositorio.uchile.cl/handle/2250/187376,SIA (skin)
Megaptera novaeangliae,Sprattus fuegensis,Sprattus fuegensis,Pisces,Haro D. (2013),https://repositorio.anid.cl/entities/tesis/406746d0-8cbf-4a5f-a5f8-6812504b84a2,SIA (skin)
Merluccius australis,Sprattus fuegensis,Sprattus fuegensis,Pisces,Zuleta & Rubilar (2010),http://docplayer.es/46981536-Impacto-del-desarrollo-de-una-pesqueria-de-sardina-austral-sprattus-fueguensis-en-aguas-interiores-de-las-regiones-x-xii.html,SIA (skin)
Merluccius australis,Themisto gaudichaudii,Themisto gaudichaudii,Amphipoda,Padovani et al. (2012),https://doi.org/10.1016/j.seares.2011.10.007,
Merluccius sp.,Munida gregaria,Benthic Decapoda,Decapoda,,https://www.researchgate.net/profile/Aldo-Hernandez-22/publication/283868315_Prey_composition_and_estimation_of_QB_for_the_Chilean_hake_Merluccius_gayi_Gadiformes_Merluccidae_in_the_central-south_area_off_Chile_34_-_40S/links/56fa6ded08ae95e8b6d4a2dc/Prey-composition-and-estimation-of-Q-B-for-the-Chilean-hake-Merluccius-gayi-Gadiformes-Merluccidae-in-the-central-south-area-off-Chile-34-40S.pdf,
Merluccius sp.,Bryozoans,Bryozoa,Bryozoa,,https://www.sciencedirect.com/science/article/abs/pii/S2352485518304250,
Merluccius sp.,Doryteuthis gahi,Doryteuthis gahi,Cephalopoda,,https://www.researchgate.net/profile/Aldo-Hernandez-22/publication/283868315_Prey_composition_and_estimation_of_QB_for_the_Chilean_hake_Merluccius_gayi_Gadiformes_Merluccidae_in_the_central-south_area_off_Chile_34_-_40S/links/56fa6ded08ae95e8b6d4a2dc/Prey-composition-and-estimation-of-Q-B-for-the-Chilean-hake-Merluccius-gayi-Gadiformes-Merluccidae-in-the-central-south-area-off-Chile-34-40S.pdf,
Merluccius sp.,Macruronus magellanicus,Macruronus magellanicus,Pisces,,https://www.researchgate.net/profile/Aldo-Hernandez-22/publication/283868315_Prey_composition_and_estimation_of_QB_for_the_Chilean_hake_Merluccius_gayi_Gadiformes_Merluccidae_in_the_central-south_area_off_Chile_34_-_40S/links/56fa6ded08ae95e8b6d4a2dc/Prey-composition-and-estimation-of-Q-B-for-the-Chilean-hake-Merluccius-gayi-Gadiformes-Merluccidae-in-the-central-south-area-off-Chile-34-40S.pdf,
Merluccius sp.,Myctophidae,Myctophidae,Pisces,,https://www.researchgate.net/profile/Aldo-Hernandez-22/publication/283868315_Prey_composition_and_estimation_of_QB_for_the_Chilean_hake_Merluccius_gayi_Gadiformes_Merluccidae_in_the_central-south_area_off_Chile_34_-_40S/links/56fa6ded08ae95e8b6d4a2dc/Prey-composition-and-estimation-of-Q-B-for-the-Chilean-hake-Merluccius-gayi-Gadiformes-Merluccidae-in-the-central-south-area-off-Chile-34-40S.pdf,
Merluccius sp.,Pseudechinus magellanicus,Pseudechinus magellanicus,Echinodermata,,https://www.sciencedirect.com/science/article/abs/pii/S2352485518304250,
Munida gregaria,Detritus,Detritus,Non-living,Andrade unpub.,,
Munida gregaria,Ulva sp.,Green Algae,Macroalgae,Andrade unpub.,,Stomach content
Munida gregaria,Serolis sp.,Isopoda,Isopoda,Andrade unpub.,,In situ observation 
Munida gregaria,Phytodetritus,Phytodetritus,Non-living,Andrade unpub.,,
Munida gregaria,Sponges,Porifera,Porifera,Andrade unpub.,,
Mustelus mento,Odontesthes regia,Odontesthes sp.,Pisces,Vargas et al. (1999),https://www.scielo.sa.cr/scielo.php?script=sci_arttext&pid=S0034-77441999000300034,
Mustelus mento,Pagurus sp.,Pagurus sp.,Decapoda,Silva-Garay et al. (2018),https://link.springer.com/article/10.1007/s10641-018-0797-0,
Myctophidae,Copepods,Copepoda,Copepoda,,https://link.springer.com/article/10.1007/BF00349518,
Mytilus chilensis,Phytoplankton,Phytoplankton,Phytoplankton,Mutschke et al. (1998),https://www.researchgate.net/publication/234585529_Situacion_actual_de_la_macrofauna_presente_en_el_intermareal_de_bloques_y_cantos_de_Bahia_Laredo_Estrecho_de_Magallanes,Stomach content
Mytilus chilensis,Zooplankton,Zooplankton,Zooplankton,Mutschke et al. (1998),https://www.researchgate.net/publication/234585529_Situacion_actual_de_la_macrofauna_presente_en_el_intermareal_de_bloques_y_cantos_de_Bahia_Laredo_Estrecho_de_Magallanes,Stomach content
Nacella deaurata,Amphipoda indet,Amphipoda,Amphipoda,Rosenfeld et al. (2018),https://www.ncbi.nlm.nih.gov/pmc/articles/PMC5904503/,Gut content (seasonal sampling)
Nacella deaurata,Achnanthes sp.,Benthic Diatom,Phytoplankton,Rosenfeld et al. (2018),https://www.ncbi.nlm.nih.gov/pmc/articles/PMC5904503/,Gut content (seasonal sampling)
Nacella deaurata,Amphora sp.,Benthic Diatom,Phytoplankton,Rosenfeld et al. (2018),https://www.ncbi.nlm.nih.gov/pmc/articles/PMC5904503/,Gut content (seasonal sampling)
Nacella deaurata,Biddulphia sp.,Benthic Diatom,Phytoplankton,Rosenfeld et al. (2018),https://www.ncbi.nlm.nih.gov/pmc/articles/PMC5904503/,Gut content (seasonal sampling)
Nacella deaurata,Cocconeis sp.,Benthic Diatom,Phytoplankton,Rosenfeld et al. (2018),https://www.ncbi.nlm.nih.gov/pmc/articles/PMC5904503/,Gut content (seasonal sampling)
Nacella deaurata,Cylindrotheca sp.,Benthic Diatom,Phytoplankton,Rosenfeld et al. (2018),https://www.ncbi.nlm.nih.gov/pmc/articles/PMC5904503/,Gut content (seasonal sampling)
Nacella deaurata,Cymbella sp.,Benthic Diatom,Phytoplankton,Rosenfeld et al. (2018),https://www.ncbi.nlm.nih.gov/pmc/articles/PMC5904503/,Gut content (seasonal sampling)
Nacella deaurata,Diploneis sp.,Benthic Diatom,Phytoplankton,Rosenfeld et al. (2018),https://www.ncbi.nlm.nih.gov/pmc/articles/PMC5904503/,Gut content (seasonal sampling)
Nacella deaurata,Gomphonema sp.,Benthic Diatom,Phytoplankton,Rosenfeld et al. (2018),https://www.ncbi.nlm.nih.gov/pmc/articles/PMC5904503/,Gut content (seasonal sampling)
Nacella deaurata,Grammatophora sp.,Benthic Diatom,Phytoplankton,Rosenfeld et al. (2018),https://www.ncbi.nlm.nih.gov/pmc/articles/PMC5904503/,Gut content (seasonal sampling)
Nacella deaurata,Gyrosigma sp.,Benthic Diatom,Phytoplankton,Rosenfeld et al. (2018),https://www.ncbi.nlm.nih.gov/pmc/articles/PMC5904503/,Gut content (seasonal sampling)
Nacella deaurata,Licmophora sp,Benthic Diatom,Phytoplankton,Rosenfeld et al. (2018),https://www.ncbi.nlm.nih.gov/pmc/articles/PMC5904503/,Gut content (seasonal sampling)
Nacella deaurata,Nitzschia sp.,Benthic Diatom,Phytoplankton,Rosenfeld et al. (2018),https://www.ncbi.nlm.nih.gov/pmc/articles/PMC5904503/,Gut content (seasonal sampling)
Nacella deaurata,Pinnularia sp.,Benthic Diatom,Phytoplankton,Rosenfeld et al. (2018),https://www.ncbi.nlm.nih.gov/pmc/articles/PMC5904503/,Gut content (seasonal sampling)
Nacella deaurata,Plagiotropis sp.,Benthic Diatom,Phytoplankton,Rosenfeld et al. (2018),https://www.ncbi.nlm.nih.gov/pmc/articles/PMC5904503/,Gut content (seasonal sampling)
Nacella deaurata,Surirella sp.,Benthic Diatom,Phytoplankton,Rosenfeld et al. (2018),https://www.ncbi.nlm.nih.gov/pmc/articles/PMC5904503/,Gut content (seasonal sampling)
Nacella deaurata,Bivalves,Bivalvia,Bivalvia,Andrade C & Brey T (2014),https://www.scielo.cl/scielo.php?pid=S0718-686X2014000200006&script=sci_abstract&tlng=en,
Nacella deaurata,Lasaea sp.,Bivalvia,BIvalvia,Rosenfeld et al. (2018),https://www.ncbi.nlm.nih.gov/pmc/articles/PMC5904503/,Gut content (seasonal sampling)
Nacella deaurata,Adenocystis utricularis,Brown Algae,Macroalgae,Rosenfeld et al. (2018),https://www.ncbi.nlm.nih.gov/pmc/articles/PMC5904503/,Gut content (seasonal sampling)
Nacella deaurata,Brown algae,Brown Algae,Macroalgae,Andrade C & Brey T (2014),https://www.scielo.cl/scielo.php?pid=S0718-686X2014000200006&script=sci_abstract&tlng=en,Gut content
Nacella deaurata,Caepidium antarcticum,Brown Algae,Macroalgae,Rosenfeld et al. (2018),https://www.ncbi.nlm.nih.gov/pmc/articles/PMC5904503/,Gut content (seasonal sampling)
Nacella deaurata,Ectocarpus siliculosus,Brown Algae,Macroalgae,Rosenfeld et al. (2018),https://www.ncbi.nlm.nih.gov/pmc/articles/PMC5904503/,Gut content (seasonal sampling)
Nacella deaurata,Halopteris funnicularis,Brown Algae,Macroalgae,Rosenfeld et al. (2018),https://www.ncbi.nlm.nih.gov/pmc/articles/PMC5904503/,Gut content (seasonal sampling)
Nacella deaurata,Scytosiphon lomentaria,Brown Algae,Macroalgae,Rosenfeld et al. (2018),https://www.ncbi.nlm.nih.gov/pmc/articles/PMC5904503/,Gut content (seasonal sampling)
Nacella deaurata,Elminius kingii,Cirripedia,Cirripedia,Rosenfeld et al. (2018),https://www.ncbi.nlm.nih.gov/pmc/articles/PMC5904503/,Gut content (seasonal sampling)
Nacella deaurata,Chroococcus sp.,Cyanobacteria,Cyanobacteria,Rosenfeld et al. (2018),https://www.ncbi.nlm.nih.gov/pmc/articles/PMC5904503/,Gut content
Nacella deaurata,Oscillatoria sp.,Cyanobacteria,Cyanobacteria,Rosenfeld et al. (2018),https://www.ncbi.nlm.nih.gov/pmc/articles/PMC5904503/,Gut content (seasonal sampling)
Nacella deaurata,Arachnida indet,Detritus,Non-living,Rosenfeld et al. (2018),https://www.ncbi.nlm.nih.gov/pmc/articles/PMC5904503/,Gut content (seasonal sampling)
Nacella deaurata,Miscellaneus,Detritus,Non-living,Andrade C & Brey T (2014),https://www.scielo.cl/scielo.php?pid=S0718-686X2014000200006&script=sci_abstract&tlng=en,Gut content
Nacella deaurata,Elphidium macellum,Foraminifera,Foraminifera,Andrade C & Brey T (2014),https://www.scielo.cl/scielo.php?pid=S0718-686X2014000200006&script=sci_abstract&tlng=en,Gut content
Nacella deaurata,Forams,Foraminifera,Foraminifera,Andrade C & Brey T (2014),https://www.scielo.cl/scielo.php?pid=S0718-686X2014000200006&script=sci_abstract&tlng=en,Gut content
Nacella deaurata,Forams,Foraminifera,Foraminifera,Rosenfeld et al. (2018),https://www.ncbi.nlm.nih.gov/pmc/articles/PMC5904503/,Gut content (seasonal sampling)
Nacella deaurata,Eatoniella sp.,Gastropoda,Gastropoda,Rosenfeld et al. (2018),https://www.ncbi.nlm.nih.gov/pmc/articles/PMC5904503/,Gut content (seasonal sampling)
Nacella deaurata,Laevilitorina caliginosa,Gastropoda,Gastropoda,Rosenfeld et al. (2018),https://www.ncbi.nlm.nih.gov/pmc/articles/PMC5904503/,Gut content (seasonal sampling)
Nacella deaurata,Green algae,Green Algae,Macroalgae,Andrade C & Brey T (2014),https://www.scielo.cl/scielo.php?pid=S0718-686X2014000200006&script=sci_abstract&tlng=en,Gut content
Nacella deaurata,Rhizoclonium sp.,Green Algae,Macroalgae,Rosenfeld et al. (2018),https://www.ncbi.nlm.nih.gov/pmc/articles/PMC5904503/,Gut content (seasonal sampling)
Nacella deaurata,Spongomorpha pacifica,Green Algae,Macroalgae,Rosenfeld et al. (2018),https://www.ncbi.nlm.nih.gov/pmc/articles/PMC5904503/,Gut content (seasonal sampling)
Nacella deaurata,Ulothrix sp.,Green Algae,Macroalgae,Rosenfeld et al. (2018),https://www.ncbi.nlm.nih.gov/pmc/articles/PMC5904503/,Gut content (seasonal sampling)
Nacella deaurata,Ulva clathrata,Green Algae,Macroalgae,Rosenfeld et al. (2018),https://www.ncbi.nlm.nih.gov/pmc/articles/PMC5904503/,Gut content (seasonal sampling)
Nacella deaurata,Ulva lactuca,Green Algae,Macroalgae,Rosenfeld et al. (2018),https://www.ncbi.nlm.nih.gov/pmc/articles/PMC5904503/,Gut content (seasonal sampling)
Nacella deaurata,Ulva prolifera,Green Algae,Macroalgae,Rosenfeld et al. (2018),https://www.ncbi.nlm.nih.gov/pmc/articles/PMC5904503/,Gut content (seasonal sampling)
Nacella deaurata,Ulva sp.,Green Algae,Macroalgae,Rosenfeld et al. (2018),https://www.ncbi.nlm.nih.gov/pmc/articles/PMC5904503/,Gut content (seasonal sampling)
Nacella deaurata,Halirytus magellanicus,Halirytus magellanicus,Insecta,Rosenfeld et al. (2018),https://www.ncbi.nlm.nih.gov/pmc/articles/PMC5904503/,Gut content (seasonal sampling)
Nacella deaurata,Margarella violacea,Margarella violacea,Gastropoda,Rosenfeld et al. (2018),https://www.ncbi.nlm.nih.gov/pmc/articles/PMC5904503/,Gut content (seasonal sampling)
Nacella deaurata,Mytilus platensis,Mytilus sp.,Bivalvia,Rosenfeld et al. (2018),https://www.ncbi.nlm.nih.gov/pmc/articles/PMC5904503/,Gut content (seasonal sampling)
Nacella deaurata,Ostracods,Ostracoda,Ostracoda,Rosenfeld et al. (2018),https://www.ncbi.nlm.nih.gov/pmc/articles/PMC5904503/,Gut content (seasonal sampling)
Nacella deaurata,Coscinodiscus sp.,Planktonic Diatom,Phytoplankton,Rosenfeld et al. (2018),https://www.ncbi.nlm.nih.gov/pmc/articles/PMC5904503/,Gut content (seasonal sampling)
Nacella deaurata,Fragilaria sp.,Planktonic Diatom,Phytoplankton,Rosenfeld et al. (2018),https://www.ncbi.nlm.nih.gov/pmc/articles/PMC5904503/,Gut content (seasonal sampling)
Nacella deaurata,Melosira sp.,Planktonic Diatom,Phytoplankton,Rosenfeld et al. (2018),https://www.ncbi.nlm.nih.gov/pmc/articles/PMC5904503/,Gut content (seasonal sampling)
Nacella deaurata,Navicula sp.,Planktonic Diatom,Phytoplankton,Rosenfeld et al. (2018),https://www.ncbi.nlm.nih.gov/pmc/articles/PMC5904503/,Gut content (seasonal sampling)
Nacella deaurata,Rhabdonema sp.,Planktonic Diatom,Phytoplankton,Rosenfeld et al. (2018),https://www.ncbi.nlm.nih.gov/pmc/articles/PMC5904503/,Gut content (seasonal sampling)
Nacella deaurata,Stephanopyxis sp.,Planktonic Diatom,Phytoplankton,Rosenfeld et al. (2018),https://www.ncbi.nlm.nih.gov/pmc/articles/PMC5904503/,Gut content (seasonal sampling)
Nacella deaurata,Acrochaetium sp.,Red Algae,Macroalgae,Rosenfeld et al. (2018),https://www.ncbi.nlm.nih.gov/pmc/articles/PMC5904503/,Gut content (seasonal sampling)
Nacella deaurata,Ballia callitricha,Red Algae,Macroalgae,Rosenfeld et al. (2018),https://www.ncbi.nlm.nih.gov/pmc/articles/PMC5904503/,Gut content (seasonal sampling)
Nacella deaurata,Bostrychia sp.,Red Algae,Macroalgae,Rosenfeld et al. (2018),https://www.ncbi.nlm.nih.gov/pmc/articles/PMC5904503/,Gut content (seasonal sampling)
Nacella deaurata,Ceramium sp.,Red Algae,Macroalgae,Rosenfeld et al. (2018),https://www.ncbi.nlm.nih.gov/pmc/articles/PMC5904503/,Gut content (seasonal sampling)
Nacella deaurata,Grateloupia sp.,Red Algae,Macroalgae,Rosenfeld et al. (2018),https://www.ncbi.nlm.nih.gov/pmc/articles/PMC5904503/,Gut content (seasonal sampling)
Nacella deaurata,Iridaea chordata,Red Algae,Macroalgae,Rosenfeld et al. (2018),https://www.ncbi.nlm.nih.gov/pmc/articles/PMC5904503/,Gut content (seasonal sampling)
Nacella deaurata,Nothogenia fastigiata,Red Algae,Macroalgae,Rosenfeld et al. (2018),https://www.ncbi.nlm.nih.gov/pmc/articles/PMC5904503/,Gut content (seasonal sampling)
Nacella deaurata,Plocamium sp.,Red Algae,Macroalgae,Rosenfeld et al. (2018),https://www.ncbi.nlm.nih.gov/pmc/articles/PMC5904503/,Gut content (seasonal sampling)
Nacella deaurata,Polysiphonia sp.,Red Algae,Macroalgae,Rosenfeld et al. (2018),https://www.ncbi.nlm.nih.gov/pmc/articles/PMC5904503/,Gut content (seasonal sampling)
Nacella deaurata,Pterosiphonia sp.,Red Algae,Macroalgae,Rosenfeld et al. (2018),https://www.ncbi.nlm.nih.gov/pmc/articles/PMC5904503/,Gut content (seasonal sampling)
Nacella deaurata,Red algae,Red Algae,Macroalgae,Andrade C & Brey T (2014),https://www.scielo.cl/scielo.php?pid=S0718-686X2014000200006&script=sci_abstract&tlng=en,Gut content
Nacella deaurata,Sarcothalia crispata,Red Algae,Macroalgae,Rosenfeld et al. (2018),https://www.ncbi.nlm.nih.gov/pmc/articles/PMC5904503/,Gut content (seasonal sampling)
Nacella magellanica,Achnanthes sp.,Benthic Diatom,Phytoplankton,Rosenfeld et al. (2018),https://www.ncbi.nlm.nih.gov/pmc/articles/PMC5904503/,Gut content (seasonal sampling)
Nacella magellanica,Amphora sp.,Benthic Diatom,Phytoplankton,Rosenfeld et al. (2018),https://www.ncbi.nlm.nih.gov/pmc/articles/PMC5904503/,Gut content (seasonal sampling)
Nacella magellanica,Biddulphia sp.,Benthic Diatom,Phytoplankton,Rosenfeld et al. (2018),https://www.ncbi.nlm.nih.gov/pmc/articles/PMC5904503/,Gut content (seasonal sampling)
Nacella magellanica,Cocconeis sp.,Benthic Diatom,Phytoplankton,Rosenfeld et al. (2018),https://www.ncbi.nlm.nih.gov/pmc/articles/PMC5904503/,Gut content (seasonal sampling)
Nacella magellanica,Cylindrotheca sp.,Benthic Diatom,Phytoplankton,Rosenfeld et al. (2018),https://www.ncbi.nlm.nih.gov/pmc/articles/PMC5904503/,Gut content (seasonal sampling)
Nacella magellanica,Cymbella sp.,Benthic Diatom,Phytoplankton,Rosenfeld et al. (2018),https://www.ncbi.nlm.nih.gov/pmc/articles/PMC5904503/,Gut content (seasonal sampling)
Nacella magellanica,Diploneis sp.,Benthic Diatom,Phytoplankton,Rosenfeld et al. (2018),https://www.ncbi.nlm.nih.gov/pmc/articles/PMC5904503/,Gut content (seasonal sampling)
Nacella magellanica,Gomphonema sp.,Benthic Diatom,Phytoplankton,Rosenfeld et al. (2018),https://www.ncbi.nlm.nih.gov/pmc/articles/PMC5904503/,Gut content (seasonal sampling)
Nacella magellanica,Grammatophora sp.,Benthic Diatom,Phytoplankton,Rosenfeld et al. (2018),https://www.ncbi.nlm.nih.gov/pmc/articles/PMC5904503/,Gut content (seasonal sampling)
Nacella magellanica,Gyrosigma sp.,Benthic Diatom,Phytoplankton,Rosenfeld et al. (2018),https://www.ncbi.nlm.nih.gov/pmc/articles/PMC5904503/,Gut content (seasonal sampling)
Nacella magellanica,Licmophora sp,Benthic Diatom,Phytoplankton,Rosenfeld et al. (2018),https://www.ncbi.nlm.nih.gov/pmc/articles/PMC5904503/,Gut content (seasonal sampling)
Nacella magellanica,Nitzschia sp.,Benthic Diatom,Phytoplankton,Rosenfeld et al. (2018),https://www.ncbi.nlm.nih.gov/pmc/articles/PMC5904503/,Gut content (seasonal sampling)
Nacella magellanica,Pinnularia sp.,Benthic Diatom,Phytoplankton,Rosenfeld et al. (2018),https://www.ncbi.nlm.nih.gov/pmc/articles/PMC5904503/,Gut content (seasonal sampling)
Nacella magellanica,Plagiotropis sp.,Benthic Diatom,Phytoplankton,Rosenfeld et al. (2018),https://www.ncbi.nlm.nih.gov/pmc/articles/PMC5904503/,Gut content (seasonal sampling)
Nacella magellanica,Surirella sp.,Benthic Diatom,Phytoplankton,Rosenfeld et al. (2018),https://www.ncbi.nlm.nih.gov/pmc/articles/PMC5904503/,Gut content (seasonal sampling)
Nacella magellanica,,Bivalvia,Bivalvia,Andrade C & Brey T (2014),https://www.scielo.cl/scielo.php?pid=S0718-686X2014000200006&script=sci_abstract&tlng=en,Gut content (seasonal sampling)
Nacella magellanica,Lasaea sp.,Bivalvia,BIvalvia,Rosenfeld et al. (2018),https://www.ncbi.nlm.nih.gov/pmc/articles/PMC5904503/,Gut content (seasonal sampling)
Nacella magellanica,Adenocystis utricularis,Brown Algae,Macroalgae,Rosenfeld et al. (2018),https://www.ncbi.nlm.nih.gov/pmc/articles/PMC5904503/,Gut content (seasonal sampling)
Nacella magellanica,Caepidium antarcticum,Brown Algae,Macroalgae,Rosenfeld et al. (2018),https://www.ncbi.nlm.nih.gov/pmc/articles/PMC5904503/,Gut content (seasonal sampling)
Nacella magellanica,Ectocarpus siliculosus,Brown Algae,Macroalgae,Rosenfeld et al. (2018),https://www.ncbi.nlm.nih.gov/pmc/articles/PMC5904503/,Gut content (seasonal sampling)
Nacella magellanica,Halopteris funnicularis,Brown Algae,Macroalgae,Rosenfeld et al. (2018),https://www.ncbi.nlm.nih.gov/pmc/articles/PMC5904503/,Gut content (seasonal sampling)
Nacella magellanica,Macrocystis pyrifera,Brown Algae,Macroalgae,Rosenfeld et al. (2018),https://www.ncbi.nlm.nih.gov/pmc/articles/PMC5904503/,Gut content (seasonal sampling)
Nacella magellanica,Scytosiphon lomentaria,Brown Algae,Macroalgae,Rosenfeld et al. (2018),https://www.ncbi.nlm.nih.gov/pmc/articles/PMC5904503/,Gut content (seasonal sampling)
Nacella magellanica,Elminius kingii,Cirripedia,Cirripedia,Rosenfeld et al. (2018),https://www.ncbi.nlm.nih.gov/pmc/articles/PMC5904503/,Gut content (seasonal sampling)
Nacella magellanica,Oscillatoria sp.,Cyanobacteria,Cyanobacteria,Rosenfeld et al. (2018),https://www.ncbi.nlm.nih.gov/pmc/articles/PMC5904503/,Gut content (seasonal sampling)
Nacella magellanica,Arachnida indet,Detritus,Non-living,Rosenfeld et al. (2018),https://www.ncbi.nlm.nih.gov/pmc/articles/PMC5904503/,Gut content (seasonal sampling)
Nacella magellanica,Miscellaneus,Detritus,Non-living,Andrade C & Brey T (2014),https://www.scielo.cl/scielo.php?pid=S0718-686X2014000200006&script=sci_abstract&tlng=en,Gut content
Nacella magellanica,Forams,Foraminifera,Foraminifera,Andrade C & Brey T (2014),https://www.scielo.cl/scielo.php?pid=S0718-686X2014000200006&script=sci_abstract&tlng=en,Gut content
Nacella magellanica,Forams,Foraminifera,Foraminifera,Rosenfeld et al. (2018),https://www.ncbi.nlm.nih.gov/pmc/articles/PMC5904503/,Gut content (seasonal sampling)
Nacella magellanica,Laevilitorina caliginosa,Gastropoda,Gastropoda,Rosenfeld et al. (2018),https://www.ncbi.nlm.nih.gov/pmc/articles/PMC5904503/,Gut content (seasonal sampling)
Nacella magellanica,Onchidella marginata,Gastropoda,Gastropoda,Rosenfeld et al. (2018),https://www.ncbi.nlm.nih.gov/pmc/articles/PMC5904503/,Gut content (seasonal sampling)
Nacella magellanica,Green algae,Green Algae,Macroalgae,Andrade C & Brey T (2014),https://www.scielo.cl/scielo.php?pid=S0718-686X2014000200006&script=sci_abstract&tlng=en,Gut content
Nacella magellanica,Rhizoclonium sp.,Green Algae,Macroalgae,Rosenfeld et al. (2018),https://www.ncbi.nlm.nih.gov/pmc/articles/PMC5904503/,Gut content (seasonal sampling)
Nacella magellanica,Spongomorpha pacifica,Green Algae,Macroalgae,Rosenfeld et al. (2018),https://www.ncbi.nlm.nih.gov/pmc/articles/PMC5904503/,Gut content (seasonal sampling)
Nacella magellanica,Ulothrix sp.,Green Algae,Macroalgae,Rosenfeld et al. (2018),https://www.ncbi.nlm.nih.gov/pmc/articles/PMC5904503/,Gut content (seasonal sampling)
Nacella magellanica,Ulva lactuca,Green Algae,Macroalgae,Rosenfeld et al. (2018),https://www.ncbi.nlm.nih.gov/pmc/articles/PMC5904503/,Gut content (seasonal sampling)
Nacella magellanica,Ulva prolifera,Green Algae,Macroalgae,Rosenfeld et al. (2018),https://www.ncbi.nlm.nih.gov/pmc/articles/PMC5904503/,Gut content (seasonal sampling)
Nacella magellanica,Ulva sp.,Green Algae,Macroalgae,Rosenfeld et al. (2018),https://www.ncbi.nlm.nih.gov/pmc/articles/PMC5904503/,Gut content (seasonal sampling)
Nacella magellanica,Halirytus magellanicus,Halirytus magellanicus,Insecta,Rosenfeld et al. (2018),https://www.ncbi.nlm.nih.gov/pmc/articles/PMC5904503/,Gut content (seasonal sampling)
Nacella magellanica,Margarella violacea,Margarella violacea,Gastropoda,Rosenfeld et al. (2018),https://www.ncbi.nlm.nih.gov/pmc/articles/PMC5904503/,Gut content (seasonal sampling)
Nacella magellanica,Mytilus platensis,Mytilus sp.,Bivalvia,Rosenfeld et al. (2018),https://www.ncbi.nlm.nih.gov/pmc/articles/PMC5904503/,Gut content (seasonal sampling)
Nacella magellanica,Notochthamalus scabrosus,Notochthamalus scabrosus,Cirripedia,Rosenfeld et al. (2018),https://www.ncbi.nlm.nih.gov/pmc/articles/PMC5904503/,Gut content (seasonal sampling)
Nacella magellanica,Ostracods,Ostracoda,Ostracoda,Rosenfeld et al. (2018),https://www.ncbi.nlm.nih.gov/pmc/articles/PMC5904503/,Gut content (seasonal sampling)
Nacella magellanica,Chroococcus sp.,Phytoplankton,Phytoplankton,Rosenfeld et al. (2018),https://www.ncbi.nlm.nih.gov/pmc/articles/PMC5904503/,Gut content
Nacella magellanica,Melosira sp.,Phytoplankton,Phytoplankton,Rosenfeld et al. (2018),https://www.ncbi.nlm.nih.gov/pmc/articles/PMC5904503/,Gut content (seasonal sampling)
Nacella magellanica,Coscinodiscus sp.,Planktonic Diatom,Phytoplankton,Rosenfeld et al. (2018),https://www.ncbi.nlm.nih.gov/pmc/articles/PMC5904503/,Gut content (seasonal sampling)
Nacella magellanica,Fragilaria sp.,Planktonic Diatom,Phytoplankton,Rosenfeld et al. (2018),https://www.ncbi.nlm.nih.gov/pmc/articles/PMC5904503/,Gut content (seasonal sampling)
Nacella magellanica,Navicula sp.,Planktonic Diatom,Phytoplankton,Rosenfeld et al. (2018),https://www.ncbi.nlm.nih.gov/pmc/articles/PMC5904503/,Gut content (seasonal sampling)
Nacella magellanica,Rhabdonema sp.,Planktonic Diatom,Phytoplankton,Rosenfeld et al. (2018),https://www.ncbi.nlm.nih.gov/pmc/articles/PMC5904503/,Gut content (seasonal sampling)
Nacella magellanica,Acrochaetium sp.,Red Algae,Macroalgae,Rosenfeld et al. (2018),https://www.ncbi.nlm.nih.gov/pmc/articles/PMC5904503/,Gut content (seasonal sampling)
Nacella magellanica,Ballia callitricha,Red Algae,Macroalgae,Rosenfeld et al. (2018),https://www.ncbi.nlm.nih.gov/pmc/articles/PMC5904503/,Gut content (seasonal sampling)
Nacella magellanica,Bostrychia sp.,Red Algae,Macroalgae,Rosenfeld et al. (2018),https://www.ncbi.nlm.nih.gov/pmc/articles/PMC5904503/,Gut content (seasonal sampling)
Nacella magellanica,Grateloupia sp,Red Algae,Macroalgae,Rosenfeld et al. (2018),https://www.ncbi.nlm.nih.gov/pmc/articles/PMC5904503/,Gut content (seasonal sampling)
Nacella magellanica,Heterosiphonia sp.,Red Algae,Macroalgae,Rosenfeld et al. (2018),https://www.ncbi.nlm.nih.gov/pmc/articles/PMC5904503/,Gut content (seasonal sampling)
Nacella magellanica,Iridaea chordata,Red Algae,Macroalgae,Rosenfeld et al. (2018),https://www.ncbi.nlm.nih.gov/pmc/articles/PMC5904503/,Gut content (seasonal sampling)
Nacella magellanica,Mazzaella laminaroides,Red Algae,Macroalgae,Rosenfeld et al. (2018),https://www.ncbi.nlm.nih.gov/pmc/articles/PMC5904503/,Gut content (seasonal sampling)
Nacella magellanica,Nothogenia fastigiata,Red Algae,Macroalgae,Rosenfeld et al. (2018),https://www.ncbi.nlm.nih.gov/pmc/articles/PMC5904503/,Gut content (seasonal sampling)
Nacella magellanica,Polysiphonia sp.,Red Algae,Macroalgae,Rosenfeld et al. (2018),https://www.ncbi.nlm.nih.gov/pmc/articles/PMC5904503/,Gut content (seasonal sampling)
Nacella magellanica,Pterosiphonia sp.,Red Algae,Macroalgae,Rosenfeld et al. (2018),https://www.ncbi.nlm.nih.gov/pmc/articles/PMC5904503/,Gut content (seasonal sampling)
Nacella magellanica,Red algae,Red Algae,Macroalgae,Andrade C & Brey T (2014),https://www.scielo.cl/scielo.php?pid=S0718-686X2014000200006&script=sci_abstract&tlng=en,Gut content
Nacella magellanica,Sarcothalia crispata,Red Algae,Macroalgae,Rosenfeld et al. (2018),https://www.ncbi.nlm.nih.gov/pmc/articles/PMC5904503/,Gut content (seasonal sampling)
Nacella mytilina,Macrocystis pyrifera,Brown Algae,Macroalgae,Andrade unpub.,,Stomach content
Nacella mytilina,Phytodetritus,Phytodetritus,Non-living,Andrade unpub.,,
Nacella mytilina,Phytoplankton,Phytoplankton,Phytoplankton,Mutschke et al. (1998),https://www.researchgate.net/publication/234585529_Situacion_actual_de_la_macrofauna_presente_en_el_intermareal_de_bloques_y_cantos_de_Bahia_Laredo_Estrecho_de_Magallanes,In situ observation
Notochthamalus scabrosus,Phytoplankton,Phytoplankton,Phytoplankton,,,
Odontesthes sp.,Amphipoda,Amphipoda,Amphipoda,Antezana (pers. comm),,
Odontesthes sp.,Darina solenoides,Bivalvia,Bivalvia,Gordillo et al. (2020),https://www.cambridge.org/core/journals/journal-of-the-marine-biological-association-of-the-united-kingdom/article/abs/naticid-drilling-predation-from-tidal-flats-in-northern-patagonia-sw-atlantic/3EB5A0897064DF2E2381CE9844F5F348,
Oncorhynchus sp.,Munida gregaria,Benthic Decapoda,Decapoda,Hüne et al. (2018),https://polarresearch.net/index.php/polar/article/view/2632/6024,Gut content (seasonal sampling)
Ophiactis asperula,Phytodetritus,Phytodetritus,Non-living,Rivera (pers. Comm),,Stomach content
Ophiuroglypha lymani,Crustaceans,Benthic Decapoda,Decapoda,Dahm (1999),https://scientiamarina.revistas.csic.es/index.php/scientiamarina/article/view/930/973,Stomach content
Ophiuroglypha lymani,Bivalves,Bivalvia,BIvalvia,Dahm (1999),https://scientiamarina.revistas.csic.es/index.php/scientiamarina/article/view/930/978,Stomach content
Ophiuroglypha lymani,Macroalgae,Brown Algae,Macroalgae,Dahm (1999),https://scientiamarina.revistas.csic.es/index.php/scientiamarina/article/view/930/977,Stomach content
Ophiuroglypha lymani,Bryozoans,Bryozoa,Bryozoa,Dahm (1999),https://scientiamarina.revistas.csic.es/index.php/scientiamarina/article/view/930/979,Stomach content
Ophiuroglypha lymani,Detritus,Detritus,Non-living,Dahm (1999),https://scientiamarina.revistas.csic.es/index.php/scientiamarina/article/view/930/975,Stomach content
Ophiuroglypha lymani,Fecal pellets,Detritus,Detritus,Dahm (1999),https://scientiamarina.revistas.csic.es/index.php/scientiamarina/article/view/930/974,Stomach content
Ophiuroglypha lymani,Phytodetritus,Phytodetritus,Non-living,Dahm (1999),https://scientiamarina.revistas.csic.es/index.php/scientiamarina/article/view/930/972,Stomach content
Ophiuroglypha lymani,Sediment,Sediment,Non-living,Dahm (1999),https://scientiamarina.revistas.csic.es/index.php/scientiamarina/article/view/930/976,Stomach content
Orcinus orca,Fish,Fish,Pisces,Capella et al. (1999),http://bibliotecadigital.umag.cl/handle/20.500.11893/1446,In situ observation
Orcinus orca,Arctocephalus australis,Otaria flavescens,Pinnipedia,Capella et al. (1999),http://bibliotecadigital.umag.cl/handle/20.500.11893/1444,In situ observation
Orcinus orca,Otaria byronia,Otaria flavescens,Pinnipedia,Capella et al. (1999),http://bibliotecadigital.umag.cl/handle/20.500.11893/1443,Stomach content
Orcinus orca,Tachyeres pteneres,Tachyeres pteneres,Aves,Capella et al. (1999),http://bibliotecadigital.umag.cl/handle/20.500.11893/1445,In situ observation
Ostracoda,Detritus,Detritus,Non-living,,,
Ostracoda,Phytoplankton,Phytoplankton,Phytoplankton,,,
Ostracoda,Picoplankton,Phytoplankton,Phytoplankton,Cañete (pers. comm.),,
Ostracoda,Zooplankton,Zooplankton,Zooplankton,,,
Otaria flavescens,Munida gregaria,Benthic Decapoda,Decapoda,Sepúlveda et al. (2016),https://onlinelibrary.wiley.com/doi/full/10.1111/mms.12379,Stomach content
Otaria flavescens,Callorhinchus callorynchus,Callorhinchus callorynchus,Pisces,Sepúlveda et al. (2016),https://onlinelibrary.wiley.com/doi/full/10.1111/mms.12393,"SIA (skin, muscle)"
Otaria flavescens,Cilus gilberti,Cilus gilberti,Pisces,Sepúlveda et al. (2016),https://onlinelibrary.wiley.com/doi/full/10.1111/mms.12391,"SIA (skin, muscle)"
Otaria flavescens,Eleginops maclovinus,Eleginops maclovinus,Pisces,Sepúlveda et al. (2016),https://onlinelibrary.wiley.com/doi/full/10.1111/mms.12383,"SIA (skin, muscle)"
Otaria flavescens,Genypterus blacodes,Genypterus blacodes,Pisces,Sepúlveda et al. (2016),https://onlinelibrary.wiley.com/doi/full/10.1111/mms.12392,"SIA (skin, muscle)"
Otaria flavescens,Merluccius australis,Merluccius australis,Pisces,Sepúlveda et al. (2016),https://onlinelibrary.wiley.com/doi/full/10.1111/mms.12390,"SIA (skin, muscle)"
Otaria flavescens,Mustelus mento,Mustelus mento,Pisces,Sepúlveda et al. (2016),https://onlinelibrary.wiley.com/doi/full/10.1111/mms.12384,"SIA (skin, muscle)"
Otaria flavescens,Odontesthes regia,Odontesthes sp.,Pisces,Sepúlveda et al. (2016),https://onlinelibrary.wiley.com/doi/full/10.1111/mms.12387,"SIA (skin, muscle)"
Otaria flavescens,Oncorhynchus kisutch,Oncorhynchus sp.,Pisces,Sepúlveda et al. (2016),https://onlinelibrary.wiley.com/doi/full/10.1111/mms.12381,"SIA (skin, muscle)"
Otaria flavescens,Oncorhynchus mykiss,Oncorhynchus sp.,Pisces,Sepúlveda et al. (2016),https://onlinelibrary.wiley.com/doi/full/10.1111/mms.12380,"SIA (skin, muscle)"
Otaria flavescens,Paralabrax humeralis,Paralabrax humeralis,Pisces,Sepúlveda et al. (2016),https://onlinelibrary.wiley.com/doi/full/10.1111/mms.12386,"SIA (skin, muscle)"
Otaria flavescens,Pinguipes chilensis,Pinguipes chilensis,Pisces,Sepúlveda et al. (2016),https://onlinelibrary.wiley.com/doi/full/10.1111/mms.12394,"SIA (skin, muscle)"
Otaria flavescens,Salmo salar,Salmo salar,Pisces,Sepúlveda et al. (2016),https://onlinelibrary.wiley.com/doi/full/10.1111/mms.12382,"SIA (skin, muscle)"
Otaria flavescens,Sprattus fuegensis,Sprattus fuegensis,Pisces,Sepúlveda et al. (2016),https://onlinelibrary.wiley.com/doi/full/10.1111/mms.12388,"SIA (skin, muscle)"
Otaria flavescens,Thyrsites atun,Thyrsites atun,Pisces,Sepúlveda et al. (2016),https://onlinelibrary.wiley.com/doi/full/10.1111/mms.12385,"SIA (skin, muscle)"
Otaria flavescens,Trachurus murphyi,Trachurus murphyi,Pisces,Sepúlveda et al. (2016),https://onlinelibrary.wiley.com/doi/full/10.1111/mms.12389,"SIA (skin, muscle)"
Pagurus sp.,Detritus,Detritus,Non-living,C. Andrade unpub.,,"SIA (skin, muscle)"
Paracalanus indicus,Rhizosolenia sp.,Rhizosolenia sp.,Phytoplankton,Aguilera et al. (2011),https://www.tandfonline.com/doi/abs/10.1080/17451000.2010.499437,
Paracalanus indicus,Thalassiosira sp.,Thalassiosira sp.,Phytoplankton,Aguilera et al. (2011),https://www.tandfonline.com/doi/abs/10.1080/17451000.2010.499437,
Paraeuthria fuscata,Detritus,Detritus,Non-living,Andrade C (2009),,In situ observation
Paralomis granulosa,Amphipoda,Amphipoda,Amphipoda,Andrade unpub.,,Stomach content (unpublished data)
Paralomis granulosa,Macrocystis pyrifera,Brown Algae,Macroalgae,Andrade unpub.,,In situ observation
Paralomis granulosa,Bryozoans,Bryozoa,Bryozoa,Andrade unpub.,,Stomach content (unpublished data)
Paralomis granulosa,Debris allocthonous,Detritus,Non-living,Andrade unpub.,,Stomach content (unpublished data)
Paralomis granulosa,Enteroctopus megalocyathus,Enteroctopus megalocyathus,Cephalopoda,Andrade unpub.,,Stomach content (unpublished data)
Paralomis granulosa,Forams,Foraminifera,Foraminifera,Andrade unpub.,,Stomach content (unpublished data)
Paralomis granulosa,Gaimardia trapesina,Gastropoda,Gastropoda,Cañete et al. (2021),https://www.scielo.br/j/nau/a/DwGRczmMrxWjByhxjy8GHhD/,
Paralomis granulosa,Hydrozoans,Hydrozoa,Hydrozoa,Andrade unpub.,,Stomach content (unpublished data)
Paralomis granulosa,Mytilus chilensis,Mytilus sp.,Bivalvia,Andrade unpub.,,Stomach content (unpublished data)
Paralomis granulosa,Polychaetes,Polychaeta,Polychaeta,Andrade unpub.,,Stomach content (unpublished data)
Paralomis granulosa,Sponges,Porifera,Porifera,Andrade unpub.,,Stomach content (unpublished data)
Paralomis granulosa,Pseudechinus magellanicus,Pseudechinus magellanicus,Echinodermata,Andrade unpub.,,Stomach content (unpublished data)
Paralomis granulosa,Rhodophyta indet,Red Algae,Macroalgae,Andrade unpub.,,Stomach content (unpublished data)
Patagonotothen cornucola,Munida gregaria,Benthic Decapoda,Decapoda,Hüne et al. (2018),https://polarresearch.net/index.php/polar/article/view/2632/6022,In situ observation
Patagonotothen cornucola,Exospheroma gigas,Exosphaeroma gigas,Isopoda,Hüne & Vega (2016),,
Patagonotothen sima,Amphipoda,Amphipoda,Amphipoda,,https://www.researchgate.net/publication/275890486_Peces_del_Sur_de_Chile,
Patagonotothen sima,Munida gregaria,Benthic Decapoda,Decapoda,,https://www.researchgate.net/publication/275890486_Peces_del_Sur_de_Chile,
Patagonotothen sima,Copepods,Copepoda,Copepoda,,https://www.researchgate.net/publication/275890486_Peces_del_Sur_de_Chile,
Patagonotothen sima,Polychaetes,Polychaeta,Polychaeta,,https://www.researchgate.net/publication/275890486_Peces_del_Sur_de_Chile,
Patagonotothen sp.,Munida gregaria,Benthic Decapoda,Decapoda,,,
Patagonotothen sp.,Macroalgae,Brown Algae,Macroalgae,,,
Patagonotothen sp.,Exospheroma gigas,Exosphaeroma gigas,Isopoda,,,
Patagonotothen sp.,Polychaetes,Polychaeta,Polychaeta,,,
Patagonotothen tessellata,Austroregia sp.,Amphipoda,Amphipoda,Hüne et al. (2018),https://polarresearch.net/index.php/polar/article/view/2632/6020,Stomach content
Patagonotothen tessellata,Gammaridae,Amphipoda,Amphipoda,Hüne & Vega (2015),https://link.springer.com/article/10.1007/s00300-015-1726-9,Stomach content
Patagonotothen tessellata,Munida gregaria,Benthic Decapoda,Decapoda,Hüne et al. (2018),https://polarresearch.net/index.php/polar/article/view/2632/6021,Stomach content
Patagonotothen tessellata,Chironomidae,Chironomidae,Insecta,Hüne & Vega (2015),https://link.springer.com/article/10.1007/s00300-015-1726-13,Stomach content
Patagonotothen tessellata,Rhizoclonium sp,Green Algae,Macroalgae,Hüne & Vega (2015),https://link.springer.com/article/10.1007/s00300-015-1726-11,Stomach content
Patagonotothen tessellata,Ostracods,Ostracoda,Ostracoda,Hüne & Vega (2015),https://link.springer.com/article/10.1007/s00300-015-1726-10,Stomach content
Patagonotothen tessellata,Patagonotothen spp.,Patagonotothen sp.,Pisces,Hüne et al. (2023),,
Patagonotothen tessellata,Platynereis australis,Polychaeta,Polychaeta,Hüne & Vega (2015),https://link.springer.com/article/10.1007/s00300-015-1726-8,Stomach content
Patagonotothen tessellata,Polysiphonia sp.,Red Algae,Macroalgae,Hüne & Vega (2015),https://link.springer.com/article/10.1007/s00300-015-1726-12,Stomach content
Patagonotothen tessellata (larvae),Aetideus arcuatus,Aetideus arcuatus,Copepoda,Salas-Berrios et al. (2013),https://link.springer.com/article/10.1007/s00300-013-1359-8,Gut content
Patagonotothen tessellata (larvae),Bivalvia larva,Bivalvia (larvae),Bivalvia,Salas-Berrios et al. (2013),https://link.springer.com/article/10.1007/s00300-013-1359-8,Stomach content
Patagonotothen tessellata (larvae),Calanoid copepodite,Copepoda,Copepoda,Salas-Berrios et al. (2013),https://link.springer.com/article/10.1007/s00300-013-1359-8,Gut content
Patagonotothen tessellata (larvae),Calanoides patagoniensis,Copepoda,Copepoda,Salas-Berrios et al. (2013),https://link.springer.com/article/10.1007/s00300-013-1359-8,Gut content
Patagonotothen tessellata (larvae),Calanus simillimus,Copepoda,Copepoda,Salas-Berrios et al. (2013),https://link.springer.com/article/10.1007/s00300-013-1359-8,Gut content
Patagonotothen tessellata (larvae),Copepod egg,Copepoda (egg),Copepoda,Salas-Berrios et al. (2013),https://link.springer.com/article/10.1007/s00300-013-1359-8,Gut content
Patagonotothen tessellata (larvae),Copepod nauplius,Copepoda (nauplius),Copepoda,Salas-Berrios et al. (2013),https://link.springer.com/article/10.1007/s00300-013-1359-8,Gut content
Patagonotothen tessellata (larvae),Paracalanus indicus,Paracalanus indicus,Copepoda,Salas-Berrios et al. (2013),https://link.springer.com/article/10.1007/s00300-013-1359-8,Gut content
Patagonotothen tessellata (larvae),Pluteus larva,Pluteus (larvae),Echinodermata,Salas-Berrios et al. (2013),https://link.springer.com/article/10.1007/s00300-013-1359-8,Gut content
Peltarion spinulosum,Nacella deaurata,Nacella deaurata,Gastropoda,,https://link.springer.com/article/10.1007/s10530-022-02806-6,
Perumytilus purpuratus,Phytoplankton,Phytoplankton,Phytoplankton,,,
Perumytilus purpuratus,Zooplankton,Zooplankton,Zooplankton,,,
Pinguipes chilensis,Amphipoda,Amphipoda,Amphipoda,González & Oyarzún (2003),https://onlinelibrary.wiley.com/doi/full/10.1111/j.1439-0426.2003.00444.x?casa_token=AbNjCPTg-P4AAAAA%3Az5Ua1HLrjp6Mfb0bulTPDtXlWtmLhPMnmq2lvzYFAPRzFWIdJhpKCdBHjuCJWJBQMdHupNJmU_fDt6A,
Pinguipes chilensis,Aulacomya atra,Aulacomya atra,Bivalvia,González & Oyarzún (2003),https://onlinelibrary.wiley.com/doi/full/10.1111/j.1439-0426.2003.00444.x?casa_token=AbNjCPTg-P4AAAAA%3Az5Ua1HLrjp6Mfb0bulTPDtXlWtmLhPMnmq2lvzYFAPRzFWIdJhpKCdBHjuCJWJBQMdHupNJmU_fDt6A,
Pinguipes chilensis,Doryteuthis gahi,Doryteuthis gahi,Cephalopoda,González & Oyarzún (2003),https://onlinelibrary.wiley.com/doi/full/10.1111/j.1439-0426.2003.00444.x?casa_token=AbNjCPTg-P4AAAAA%3Az5Ua1HLrjp6Mfb0bulTPDtXlWtmLhPMnmq2lvzYFAPRzFWIdJhpKCdBHjuCJWJBQMdHupNJmU_fDt6A,
Pinguipes chilensis,Odontesthes regia,Odontesthes sp.,Pisces,,,
Pinguipes chilensis,Pagurus sp.,Pagurus sp.,Decapoda,González & Oyarzún (2003),https://onlinelibrary.wiley.com/doi/full/10.1111/j.1439-0426.2003.00444.x?casa_token=AbNjCPTg-P4AAAAA%3Az5Ua1HLrjp6Mfb0bulTPDtXlWtmLhPMnmq2lvzYFAPRzFWIdJhpKCdBHjuCJWJBQMdHupNJmU_fDt6A,
Pinguipes chilensis,Polychaetes,Polychaeta,Polychaeta,González & Oyarzún (2003),https://onlinelibrary.wiley.com/doi/full/10.1111/j.1439-0426.2003.00444.x?casa_token=AbNjCPTg-P4AAAAA%3Az5Ua1HLrjp6Mfb0bulTPDtXlWtmLhPMnmq2lvzYFAPRzFWIdJhpKCdBHjuCJWJBQMdHupNJmU_fDt6A,
Platynereis australis,Macroalgae,Brown Algae,Macroalgae,Montiel (pers. comm.),,
Platynereis australis,Detritus,Detritus,Non-living,Montiel (pers. comm.),,
Plaxiphora aurata,Diatoms,Benthic Diatom,Phytoplankton,C. Andrade unpub.,,
Plaxiphora aurata,Diatoms,Benthic Diatom,Phytoplankton,Andrade unpub.,,In situ observation
Plaxiphora aurata,Phytodetritus,Phytodetritus,Non-living,C. Andrade unpub.,,Gut content
Plaxiphora aurata,Phytodetritus,Phytodetritus,Non-living,Andrade unpub.,,Observed in stomach content
Pluteus (larvae),Zooplankton,Zooplankton,Zooplankton,,,
Polychaeta,Brown algae,Brown Algae,Macroalgae,Fauchald (1979),https://repository.si.edu/bitstream/handle/10088/3422/OMBARFauchald1979.pdf,
Polychaeta,Copepods,Copepoda,Copepoda,Fauchald (1979),https://repository.si.edu/bitstream/handle/10088/3422/OMBARFauchald1979.pdf,
Polychaeta,Detritus,Detritus,Non-living,Fauchald (1979),https://repository.si.edu/bitstream/handle/10088/3422/OMBARFauchald1979.pdf,
Polychaeta,Diatoms,Diatoms,Phytoplankton,Fauchald (1979),https://repository.si.edu/bitstream/handle/10088/3422/OMBARFauchald1979.pdf,
Polychaeta,Green algae,Green Algae,Macroalgae,Fauchald (1979),https://repository.si.edu/bitstream/handle/10088/3422/OMBARFauchald1979.pdf,
Polychaeta,Ostracods,Ostracoda,Ostracoda,Fauchald (1979),https://repository.si.edu/bitstream/handle/10088/3422/OMBARFauchald1979.pdf,
Polychaeta,Red algae,Red Algae,Macroalgae,Fauchald (1979),https://repository.si.edu/bitstream/handle/10088/3422/OMBARFauchald1979.pdf,
Polychaeta,Zooplankton,Zooplankton,Zooplankton,Fauchald (1979),https://repository.si.edu/bitstream/handle/10088/3422/OMBARFauchald1979.pdf,
Porifera,Detritus,Detritus,Non-living,,,
Porifera,Phytoplankton,Phytoplankton,Phytoplankton,,,
Prolatilus jugularis,Amphipoda,Amphipoda,Amphipoda,Reyes & Hüne (2012),Peces del sur de Chile,
Prolatilus jugularis,Pagurus sp.,Pagurus sp.,Decapoda,Reyes & Hüne (2012),Peces del sur de Chile,
Prolatilus jugularis,Polychaetes,Polychaeta,Polychaeta,,http://opac.pucv.cl/pucv_txt/txt-0000/UCH0448_01.pdf,
Pseudechinus magellanicus,Macroalgae,Brown Algae,Macroalgae,,https://www.tandfonline.com/doi/abs/10.1080/00785326.2004.10410216,
Pseudechinus magellanicus,Forams,Foraminifera,Foraminifera,,https://www.tandfonline.com/doi/abs/10.1080/00785326.2004.10410216,
Pseudechinus magellanicus,Ostracods,Ostracoda,Ostracoda,,https://www.tandfonline.com/doi/abs/10.1080/00785326.2004.10410216,
Pseudorca crassidens,Genypterus blacodes,Genypterus blacodes,Pisces,Alonso & Pedraza (1999),,
Pseudorca crassidens,Illex argentinus,Illex argentinus,Cephalopoda,Alonso & Pedraza (1999),https://onlinelibrary.wiley.com/doi/epdf/10.1111/j.1748-7692.1999.tb00838.x,Stomach content
Pseudorca crassidens,Macruronus magellanicus,Macruronus magellanicus,Pisces,Alonso & Pedraza (1999),https://onlinelibrary.wiley.com/doi/epdf/10.1111/j.1748-7692.1999.tb00838.x,Stomach content
Pseudorca crassidens,Martialia hyadesii,Martialia hyadesii,Cephalopoda,Alonso & Pedraza (1999),https://onlinelibrary.wiley.com/doi/epdf/10.1111/j.1748-7692.1999.tb00838.x,Stomach content
Salilota australis,Austrolycus depressiceps,Austrolycus depressiceps,Pisces,Haro D. (2019),https://repositorio.uchile.cl/handle/2250/187376,Stomach content
Salilota australis,Munida gregaria,Benthic Decapoda,Decapoda,Haro D. (2019),https://repositorio.uchile.cl/handle/2250/187376,Stomach content
Salilota australis,Munida gregaria,Benthic Decapoda,Decapoda,,,
Salilota australis,Merluccius sp.,Merluccius sp.,Pisces,Jimena Torres pers. comm,,
Salilota australis,Patagonotothen cornucola,Patagonotothen cornucola,Pisces,Haro D. (2019),https://repositorio.uchile.cl/handle/2250/187376,Stomach content
Salilota australis,Patagonotothen spp.,Patagonotothen sp.,Pisces,,,
Salilota australis,Themisto gaudichaudii,Themisto gaudichaudii,Amphipoda,Padovani et al. (2012),https://doi.org/10.1016/j.seares.2011.10.007,
Salmo salar,Amphipoda,Amphipoda,Amphipoda,Soto et al. (2001),https://esajournals.onlinelibrary.wiley.com/doi/full/10.1890/1051-0761%282001%29011%5B1750%3AESITIS%5D2.0.CO%3B2?casa_token=TDoh8tCi2eIAAAAA%3A7ZcavXsn4BEGEZEFHNSW3mE4QSVijx-U3ciIVTnnVuD-7e4TSDmKR_NhtXDRuQPUmuiiHLWIk80f9Bc,
Salmo salar,Merluccius sp.,Merluccius sp.,Pisces,Soto et al. (2001),https://esajournals.onlinelibrary.wiley.com/doi/full/10.1890/1051-0761%282001%29011%5B1750%3AESITIS%5D2.0.CO%3B2?casa_token=TDoh8tCi2eIAAAAA%3A7ZcavXsn4BEGEZEFHNSW3mE4QSVijx-U3ciIVTnnVuD-7e4TSDmKR_NhtXDRuQPUmuiiHLWIk80f9Bc,
Salmo salar,Odontesthes regia,Odontesthes sp.,Pisces,Antezana (pers. comm),,
Salp,Copepods,Copepoda,Copepoda,,https://www.int-res.com/abstracts/meps/v195/p201-220/,
Salp,Picoplankton,Phytoplankton,Phytoplankton,Cañete (pers. comm.),,
Salp,Nanoflagellates,Phytoplankton,Phytoplankton,,https://academic.oup.com/plankt/article/26/7/827/1514027?login=false,
Siphonaria lessonii,Macroalgae,Brown Algae,Macroalgae,Ríos & Gerdes (1997),https://epic.awi.de/id/eprint/5233/,
Siphonaria lessonii,Macrocystis pyrifera,Brown Algae,Macroalgae,Andrade unpub.,,
Siphonaria lessonii,Phytodetritus,Phytodetritus,Non-living,Andrade unpub.,,In situ observation
Spheniscus magellanicus,Munida gregaria,Benthic Decapoda,Decapoda,Venegas & Sielfeld (1981),"VENEGAS, C. & W. SIELFELD. 1981. Utilización de aves como indicadoras de presencia y potencialidad de recursos marinos eventualmente manejables. Resumen. P. 83, in Jornadas de Ciencias del Mar. Valdivia, Chile.",Stomach content
Spheniscus magellanicus,Cephalopoda indet,Cephalopoda,Cephalopoda,Boswall & MacIver (1975),"Boswall, J. and D. MacIver 1975 The Magellanic Penguin Spheniscus magellanicus. In Stonehouse, B. (ed.), The Biology of Penguins. University Park Press, Baltimore, USA 271-305.",Stomach content
Spheniscus magellanicus,Doryteuthis gahi,Doryteuthis gahi,Cephalopoda,Almonacid (2018),http://www.aveschile.cl/wp-content/uploads/2019/01/2_Almonacid_Vol.24-1-2018-RChO_dieta-pinguinos.pdf,Stomach content
Spheniscus magellanicus,Patagonotothen wiltoni,Patagonotothen sp.,Pisces,Almonacid (2018),http://www.aveschile.cl/wp-content/uploads/2019/01/2_Almonacid_Vol.24-1-2018-RChO_dieta-pinguinos.pdf,Stomach content
Spheniscus magellanicus,Ramnogaster arcuata,Ramnogaster arcuata,Pisces,Venegas & Sielfeld (1981),"VENEGAS, C. & W. SIELFELD. 1981. Utilización de aves como indicadoras de presencia y potencialidad de recursos marinos eventualmente manejables. Resumen. P. 83, in Jornadas de Ciencias del Mar. Valdivia, Chile.",Stomach content (unpublished data)
Spheniscus magellanicus,Sprattus fuegensis,Sprattus fuegensis,Pisces,Almonacid (2018),http://www.aveschile.cl/wp-content/uploads/2019/01/2_Almonacid_Vol.24-1-2018-RChO_dieta-pinguinos.pdf,Stomach content
Sprattus fuegensis  ,Amphipoda,Amphipoda,Amphipoda,Haro D. (2019),https://repositorio.uchile.cl/handle/2250/187376,Stomach content
Sprattus fuegensis  ,Hyperiidea,Amphipoda,Amphipoda,Haro D. (2019),https://repositorio.uchile.cl/handle/2250/187376,Stomach content
Sprattus fuegensis  ,Calanoida,Copepoda,Copepoda,Haro D. (2019),https://repositorio.uchile.cl/handle/2250/187376,Stomach content
Sprattus fuegensis  ,Copepods,Copepoda,Copepoda,Montecinos (2015),http://repositorio.udec.cl/jspui/bitstream/11594/1828/1/Tesis_Composicion_dietaria_de_Sprattus.Marked.pdf,Stomach content
Sprattus fuegensis  ,Harpacticoida,Copepoda,Copepoda,Haro D. (2019),https://repositorio.uchile.cl/handle/2250/187376,Stomach content
Sprattus fuegensis  ,Megacalanus sp.,Copepoda,Copepoda,Haro D. (2019),https://repositorio.uchile.cl/handle/2250/187376,Stomach content
Sprattus fuegensis  ,Centric diatoms,Diatoms,Phytoplankton,Montecinos (2015),http://repositorio.udec.cl/jspui/bitstream/11594/1828/1/Tesis_Composicion_dietaria_de_Sprattus.Marked.pdf,Stomach content
Sprattus fuegensis  ,Pennate diatoms,Diatoms,Phytoplankton,Montecinos (2015),http://repositorio.udec.cl/jspui/bitstream/11594/1828/1/Tesis_Composicion_dietaria_de_Sprattus.Marked.pdf,Stomach content
Sprattus fuegensis  ,Isopoda,Isopoda,Isopoda,Montecinos (2015),http://repositorio.udec.cl/jspui/bitstream/11594/1828/1/Tesis_Composicion_dietaria_de_Sprattus.Marked.pdf,Stomach content
Sprattus fuegensis  ,Asterionellopsis sp.,Planktonic Diatom,Phytoplankton,Montecinos (2015),http://repositorio.udec.cl/jspui/bitstream/11594/1828/1/Tesis_Composicion_dietaria_de_Sprattus.Marked.pdf,Stomach content
Sprattus fuegensis  ,Chaetoceros sp.,Planktonic Diatom,Phytoplankton,Montecinos (2015),http://repositorio.udec.cl/jspui/bitstream/11594/1828/1/Tesis_Composicion_dietaria_de_Sprattus.Marked.pdf,Stomach content
Sprattus fuegensis  ,Pseudonitzschia sp.,Planktonic Diatom,Phytoplankton,Montecinos (2015),http://repositorio.udec.cl/jspui/bitstream/11594/1828/1/Tesis_Composicion_dietaria_de_Sprattus.Marked.pdf,Stomach content
Sprattus fuegensis  ,Rhizosolenia sp.,Planktonic Diatom,Phytoplankton,Montecinos (2015),http://repositorio.udec.cl/jspui/bitstream/11594/1828/1/Tesis_Composicion_dietaria_de_Sprattus.Marked.pdf,Stomach content
Sprattus fuegensis  ,Thalassiosira sp.,Planktonic Diatom,Phytoplankton,Montecinos (2015),http://repositorio.udec.cl/jspui/bitstream/11594/1828/1/Tesis_Composicion_dietaria_de_Sprattus.Marked.pdf,Stomach content
Stercorarius chilensis,Ramnogaster arcuata,Ramnogaster arcuata,Pisces,Sepúlveda (2016),https://repositorio.unab.cl/xmlui/handle/ria/9936,Stomach content
Stercorarius chilensis,Sprattus fuegensis,Sprattus fuegensis,Pisces,Sepúlveda (2016),https://repositorio.unab.cl/xmlui/handle/ria/9936,Regurgited
Tachyeres pteneres,Crustaceans,Benthic Decapoda,Decapoda,,,
Tanaidae,Detritus,Detritus,Non-living,,,
Tanaidae,Phytoplankton,Phytoplankton,Phytoplankton,,,
Tanaidae,Zooplankton,Zooplankton,Zooplankton,,,
Tegula atra,Macrocystis pyrifera,Brown Algae,Macroalgae,Pinochet et al. (2018),https://www.scielo.cl/scielo.php?pid=S0718-686X2018000300051&script=sci_arttext&tlng=pt,Regurgited
Tegula atra,Ulva sp.,Green Algae,Macroalgae,Pinochet et al. (2018),https://www.scielo.cl/scielo.php?pid=S0718-686X2018000300051&script=sci_arttext&tlng=pt,In situ observation under laboratory conditions
Tegula atra,Mazzaella laminarioides,Red Algae,Macroalgae,Pinochet et al. (2018),https://www.scielo.cl/scielo.php?pid=S0718-686X2018000300051&script=sci_arttext&tlng=pt,In situ observation under laboratory conditions
Themisto gaudichaudii,Calanus simillimus,Calanus simillimus,Zooplankton,Pakhomov & Perissinotto (1996),https://doi.org/10.3354/meps134091,
Themisto gaudichaudii,Copepods,Copepoda,Copepoda,Pakhomov & Perissinotto (1996),https://www.int-res.com/articles/meps/134/m134p091.pdf,
Themisto gaudichaudii,Diatoms,Diatoms,Phytoplankton,Nemoto & Yoo (1970),https://www.scopus.com/record/display.uri?eid=2-s2.0-4644339524&origin=inward&txGid=58b2f2de375a8355f09dfc5a797f2334,
Themisto gaudichaudii,Euphausia lucens,Euphausia lucens,Zooplankton,Pakhomov & Perissinotto (1996),https://doi.org/10.3354/meps134091,
Themisto gaudichaudii,Euphausia vallentini,Euphausia vallentini,Zooplankton,Pakhomov & Perissinotto (1996),https://doi.org/10.3354/meps134091,
Themisto gaudichaudii,Polychaeta,Polychaeta,Polychaeta,Pakhomov & Perissinotto (1996),https://doi.org/10.3354/meps134091,
Thyrsites atun,Doryteuthis gahi,Doryteuthis gahi,Cephalopoda,Carimán & Reyes (2019),https://www.scielo.cl/scielo.php?pid=S0718-19572019000100011&script=sci_arttext&tlng=en,
Thyrsites atun,Odontesthes regia,Odontesthes sp.,Pisces,Carimán & Reyes (2019),https://www.scielo.cl/scielo.php?pid=S0718-19572019000100011&script=sci_arttext&tlng=en,
Thyrsites atun,Sprattus fuegensis,Sprattus fuegensis,Pisces,Carimán & Reyes (2019),https://www.scielo.cl/scielo.php?pid=S0718-19572019000100011&script=sci_arttext&tlng=en,
Trachurus murphyi,Copepods,Copepoda,Copepoda,Medina & Arancibia (2002),https://www.scielo.cl/scielo.php?pid=S0717-71782002000100003&script=sci_arttext,
Trachurus murphyi,Crustaceans,Crustaceans,Crustacea,,,
Trachurus murphyi,Myctophidae,Myctophidae,Pisces,Medina & Arancibia (2002),https://www.scielo.cl/scielo.php?pid=S0717-71782002000100003&script=sci_arttext,
Trachurus murphyi,Ostracods,Ostracoda,Ostracoda,Medina & Arancibia (2002),https://www.scielo.cl/scielo.php?pid=S0717-71782002000100003&script=sci_arttext,
Trophon geversianus,Aulacomya atra,Bivalvia,Bivalvia,Andrade & Ríos (2007),http://analesdelinstitutodelapatagonia.cl/index.php/analespatagonia/article/view/388,In situ observation
Trophon geversianus,Hiatella arctica,Bivalvia,Bivalvia,Andrade & Ríos (2007),http://analesdelinstitutodelapatagonia.cl/index.php/analespatagonia/article/view/389,In situ observation
Trophon geversianus,Mytilus chilensis,Mytilus sp.,Bivalvia,Andrade & Ríos (2007),http://analesdelinstitutodelapatagonia.cl/index.php/analespatagonia/article/view/387,In situ observation under laboratory conditions
Trophon geversianus,Perumytilus purpuratus,Perumytilus purpuratus,Bivalvia,Andrade & Ríos (2007),http://analesdelinstitutodelapatagonia.cl/index.php/analespatagonia/article/view/390,In situ observation
Zoarcidae,Amphipoda,Amphipoda,Amphipoda,,https://oceanrep.geomar.de/id/eprint/53025/1/3857.pdf,
Zoarcidae,Polychaetes,Polychaeta,Polychaeta,,https://oceanrep.geomar.de/id/eprint/53025/1/3857.pdf,
Zooplankton,Phytoplankton,Phytoplankton,Phytoplankton,,,